start,end,period,label
2025-01-01,2025-01-17,계절학기,겨울계절제(2024-2학기)
2025-01-18,2025-03-03,방학,겨울방학
2025-03-04,2025-04-21,학기,1학기 수업
2025-04-22,2025-04-28,시험,1학기 중간시험
2025-04-29,2025-06-09,학기,1학기 수업
2025-06-10,2025-06-16,시험,1학기 자율학습·보충수업
2025-06-17,2025-06-23,시험,1학기 기말시험
2025-06-24,2025-06-29,방학,여름방학
2025-06-30,2025-07-21,계절학기,여름계절제
2025-07-22,2025-08-31,방학,여름방학
2025-09-01,2025-10-19,학기,2학기 수업
2025-10-20,2025-10-25,시험,2학기 중간시험
2025-10-26,2025-12-07,학기,2학기 수업
2025-12-08,2025-12-14,시험,2학기 자율학습·보충수업
2025-12-15,2025-12-20,시험,2학기 기말시험
2025-12-21,2025-12-28,방학,겨울방학
2025-12-29,2025-12-31,계절학기,겨울계절제(2025-2학기)
