opr_ymd,sttn_id,sttn_nm,sttn_ars_no,ctpv_cd,sgg_cd,emd_cd,ctpv_nm,sgg_nm,emd_nm
20250415,4290577,황둔,~,51,51130,5113039027,강원특별자치도,원주시,신림면
20250415,4370011,관설동종점,~,51,51130,5113011600,강원특별자치도,원주시,관설동
20250415,4370021,원주자동차운전학원,~,51,51130,5113011600,강원특별자치도,원주시,관설동
20250415,4370031,원주자동차운전학원,~,51,51130,5113011600,강원특별자치도,원주시,관설동
20250415,4370051,관설초등학교,~,51,51130,5113011600,강원특별자치도,원주시,관설동
20250415,4370061,영랑,~,51,51130,5113011400,강원특별자치도,원주시,행구동
20250415,4370071,대평교,~,51,51130,5113011600,강원특별자치도,원주시,관설동
20250415,4370081,관설동화훼단지,~,51,51130,5113011600,강원특별자치도,원주시,관설동
20250415,4370091,반도유보라마크브릿지,~,51,51130,5113010700,강원특별자치도,원주시,단구동
20250415,4370101,장애인.노인종합복지관,~,51,51130,5113010700,강원특별자치도,원주시,단구동
20250415,4370111,판부농협,~,51,51130,5113010700,강원특별자치도,원주시,단구동
20250415,4370121,단구초등학교,~,51,51130,5113010700,강원특별자치도,원주시,단구동
20250415,4370131,박경리문학공원,~,51,51130,5113010700,강원특별자치도,원주시,단구동
20250415,4370141,현진에버빌아파트,~,51,51130,5113010700,강원특별자치도,원주시,단구동
20250415,4370151,청솔3차아파트,~,51,51130,5113010700,강원특별자치도,원주시,단구동
20250415,4370161,청솔4차아파트,~,51,51130,5113010700,강원특별자치도,원주시,단구동
20250415,4370171,성일아파트,~,51,51130,5113010700,강원특별자치도,원주시,단구동
20250415,4370181,남원주초등학교,~,51,51130,5113010700,강원특별자치도,원주시,단구동
20250415,4370191,남원주중학교입구,~,51,51130,5113010700,강원특별자치도,원주시,단구동
20250415,4370201,동보노빌리티정문,~,51,51130,5113010600,강원특별자치도,원주시,명륜동
20250415,4370211,청구1단지아파트.동보렉스9차,~,51,51130,5113010600,강원특별자치도,원주시,명륜동
20250415,4370221,청구아파트2단지,~,51,51130,5113010600,강원특별자치도,원주시,명륜동
20250415,4370231,대림아파트,~,51,51130,5113010700,강원특별자치도,원주시,단구동
20250415,4370241,원주의료원,~,51,51130,5113010600,강원특별자치도,원주시,명륜동
20250415,4370251,젊음의광장사거리,~,51,51130,5113010500,강원특별자치도,원주시,개운동
20250415,4370261,개운현대아파트,~,51,51130,5113010600,강원특별자치도,원주시,명륜동
20250415,4370271,대성현대아파트,~,51,51130,5113010500,강원특별자치도,원주시,개운동
20250415,4370281,남원로남부시장,~,51,51130,5113010600,강원특별자치도,원주시,명륜동
20250415,4370291,덕산아파트,~,51,51130,5113010500,강원특별자치도,원주시,개운동
20250415,4370301,상지여중,~,51,51130,5113010500,강원특별자치도,원주시,개운동
20250415,4370311,봉산삼익아파트,~,51,51130,5113011300,강원특별자치도,원주시,봉산동
20250415,4370321,동신아파트,~,51,51130,5113011300,강원특별자치도,원주시,봉산동
20250415,4370331,역사박물관,~,51,51130,5113011300,강원특별자치도,원주시,봉산동
20250415,4370341,봉산천주교,~,51,51130,5113011300,강원특별자치도,원주시,봉산동
20250415,4370351,원주시선거관리위원회,~,51,51130,5113011300,강원특별자치도,원주시,봉산동
20250415,4370361,원주초등학교,~,51,51130,5113011300,강원특별자치도,원주시,봉산동
20250415,4370371,풍물시장,~,51,51130,5113010200,강원특별자치도,원주시,평원동
20250415,4370381,평원로중앙시장,~,51,51130,5113010200,강원특별자치도,원주시,평원동
20250415,4370391,이편한세상,~,51,51130,5113011200,강원특별자치도,원주시,태장동
20250415,4370401,YWCA,~,51,51130,5113010800,강원특별자치도,원주시,일산동
20250415,4370411,학성중학교정문,~,51,51130,5113010800,강원특별자치도,원주시,일산동
20250415,4370421,서원주유소,~,51,51130,5113011000,강원특별자치도,원주시,단계동
20250415,4370431,옛합동청사,~,51,51130,5113011000,강원특별자치도,원주시,단계동
20250415,4370441,시외.고속버스터미널,~,51,51130,5113011000,강원특별자치도,원주시,단계동
20250415,4370451,코오롱아파트,~,51,51130,5113011000,강원특별자치도,원주시,단계동
20250415,4370461,원주시청,~,51,51130,5113011500,강원특별자치도,원주시,무실동
20250415,4370471,원주시청(백운아트홀),~,51,51130,5113011500,강원특별자치도,원주시,무실동
20250415,4370481,무실e편한세상,~,51,51130,5113011500,강원특별자치도,원주시,무실동
20250415,4370491,휴먼시아6차.원주어시장,~,51,51130,5113011500,강원특별자치도,원주시,무실동
20250415,4370501,무실초등학교,~,51,51130,5113011500,강원특별자치도,원주시,무실동
20250415,4370511,무실주공아파트,~,51,51130,5113011500,강원특별자치도,원주시,무실동
20250415,4370521,베스파타운,~,51,51130,5113011500,강원특별자치도,원주시,무실동
20250415,4370531,무실주공8차아파트,~,51,51130,5113011500,강원특별자치도,원주시,무실동
20250415,4370541,봉바위,~,51,51130,5113011500,강원특별자치도,원주시,무실동
20250415,4370551,부영아파트,~,51,51130,5113011500,강원특별자치도,원주시,무실동
20250415,4370561,세영리첼,~,51,51130,5113011500,강원특별자치도,원주시,무실동
20250415,4370571,대성고등학교,~,51,51130,5113011500,강원특별자치도,원주시,무실동
20250415,4370581,삼육초중고교,~,51,51130,5113011500,강원특별자치도,원주시,무실동
20250415,4370591,봉바위,~,51,51130,5113011500,강원특별자치도,원주시,무실동
20250415,4370601,무실주공8차아파트,~,51,51130,5113011500,강원특별자치도,원주시,무실동
20250415,4370611,무실주공아파트,~,51,51130,5113011500,강원특별자치도,원주시,무실동
20250415,4370621,무실초교,~,51,51130,5113011500,강원특별자치도,원주시,무실동
20250415,4370631,무실e편한세상아파트,~,51,51130,5113011500,강원특별자치도,원주시,무실동
20250415,4370641,원주시청(백운아트홀),~,51,51130,5113011500,강원특별자치도,원주시,무실동
20250415,4370651,코오롱아파트정문,~,51,51130,5113011000,강원특별자치도,원주시,단계동
20250415,4370661,시외.고속버스터미널,~,51,51130,5113011000,강원특별자치도,원주시,단계동
20250415,4370671,서원주유소,~,51,51130,5113011000,강원특별자치도,원주시,단계동
20250415,4370681,국제아파트,~,51,51130,5113010800,강원특별자치도,원주시,일산동
20250415,4370691,학성중학교정문,~,51,51130,5113010800,강원특별자치도,원주시,일산동
20250415,4370701,YWCA,~,51,51130,5113010800,강원특별자치도,원주시,일산동
20250415,4370711,지하상가,~,51,51130,5113010800,강원특별자치도,원주시,일산동
20250415,4370721,원일로중앙시장,~,51,51130,5113010800,강원특별자치도,원주시,일산동
20250415,4370731,강원감영,~,51,51130,5113010800,강원특별자치도,원주시,일산동
20250415,4370741,원주초등학교,~,51,51130,5113011300,강원특별자치도,원주시,봉산동
20250415,4370751,원주시선거위원회,~,51,51130,5113011300,강원특별자치도,원주시,봉산동
20250415,4370761,봉산천주교,~,51,51130,5113011300,강원특별자치도,원주시,봉산동
20250415,4370771,원주역사박물관,~,51,51130,5113011300,강원특별자치도,원주시,봉산동
20250415,4370781,동신아파트,~,51,51130,5113011300,강원특별자치도,원주시,봉산동
20250415,4370791,봉산삼익아파트,~,51,51130,5113011300,강원특별자치도,원주시,봉산동
20250415,4370801,원주고동문회관,~,51,51130,5113010500,강원특별자치도,원주시,개운동
20250415,4370811,덕산아파트,~,51,51130,5113010500,강원특별자치도,원주시,개운동
20250415,4370821,남원로남부시장,~,51,51130,5113010600,강원특별자치도,원주시,명륜동
20250415,4370831,대성현대아파트,~,51,51130,5113010500,강원특별자치도,원주시,개운동
20250415,4370841,향교입구,~,51,51130,5113010600,강원특별자치도,원주시,명륜동
20250415,4370851,젊음의광장사거리,~,51,51130,5113010600,강원특별자치도,원주시,명륜동
20250415,4370861,원주의료원,~,51,51130,5113010500,강원특별자치도,원주시,개운동
20250415,4370871,단구2차아파트,~,51,51130,5113010600,강원특별자치도,원주시,명륜동
20250415,4370881,원주시시설관리공단,~,51,51130,5113010600,강원특별자치도,원주시,명륜동
20250415,4370891,청구아파트2단지,~,51,51130,5113010600,강원특별자치도,원주시,명륜동
20250415,4370901,청구아파트1단지,~,51,51130,5113010600,강원특별자치도,원주시,명륜동
20250415,4370911,남원주중학교,~,51,51130,5113038022,강원특별자치도,원주시,판부면
20250415,4370921,남원주초등학교,~,51,51130,5113010700,강원특별자치도,원주시,단구동
20250415,4370931,성일아파트,~,51,51130,5113010700,강원특별자치도,원주시,단구동
20250415,4370941,청솔4차아파트,~,51,51130,5113010700,강원특별자치도,원주시,단구동
20250415,4370951,청솔3차아파트,~,51,51130,5113010700,강원특별자치도,원주시,단구동
20250415,4370961,단구초등학교,~,51,51130,5113011600,강원특별자치도,원주시,관설동
20250415,4370971,판부농협,~,51,51130,5113011600,강원특별자치도,원주시,관설동
20250415,4370981,노인종합복지관,~,51,51130,5113011600,강원특별자치도,원주시,관설동
20250415,4370991,관설동화훼단지,~,51,51130,5113011600,강원특별자치도,원주시,관설동
20250415,4371001,대평교,~,51,51130,5113011600,강원특별자치도,원주시,관설동
20250415,4371021,학마을,~,51,51130,5113011600,강원특별자치도,원주시,관설동
20250415,4371031,청솔6.8차아파트,~,51,51130,5113011600,강원특별자치도,원주시,관설동
20250415,4371041,청솔5차아파트,~,51,51130,5113011600,강원특별자치도,원주시,관설동
20250415,4371051,치악고등학교,~,51,51130,5113011600,강원특별자치도,원주시,관설동
20250415,4371061,근린공원,~,51,51130,5113011600,강원특별자치도,원주시,관설동
20250415,4371071,단구중학교,~,51,51130,5113010700,강원특별자치도,원주시,단구동
20250415,4371081,현진에버빌,~,51,51130,5113010700,강원특별자치도,원주시,단구동
20250415,4371091,KT남원주지사,~,51,51130,5113010700,강원특별자치도,원주시,단구동
20250415,4371101,한신2차아파트,~,51,51130,5113010700,강원특별자치도,원주시,단구동
20250415,4371111,성지병원,~,51,51130,5113010500,강원특별자치도,원주시,개운동
20250415,4371121,중앙동주민센터,~,51,51130,5113010900,강원특별자치도,원주시,학성동
20250415,4371131,이은찬의병장공원,~,51,51130,5113010900,강원특별자치도,원주시,학성동
20250415,4371141,역전삼거리,~,51,51130,5113010900,강원특별자치도,원주시,학성동
20250415,4371151,법웅사,~,51,51130,5113010900,강원특별자치도,원주시,학성동
20250415,4371161,원주세무서,~,51,51130,5113011000,강원특별자치도,원주시,단계동
20250415,4371171,벽산아파트,~,51,51130,5113011000,강원특별자치도,원주시,단계동
20250415,4371181,SK텔레콤원주지점,~,51,51130,5113011000,강원특별자치도,원주시,단계동
20250415,4371191,금불사거리,~,51,51130,5113011000,강원특별자치도,원주시,단계동
20250415,4371201,단계삼익아파트,~,51,51130,5113011000,강원특별자치도,원주시,단계동
20250415,4371211,봉화산주공아파트,~,51,51130,5113011000,강원특별자치도,원주시,단계동
20250415,4371221,농산물도매시장.푸르지오,~,51,51130,5113011000,강원특별자치도,원주시,단계동
20250415,4371231,사랑의집,~,51,51130,5113011000,강원특별자치도,원주시,단계동
20250415,4371241,도시가스(예비군훈련장),~,51,51130,5113032025,강원특별자치도,원주시,호저면
20250415,4371251,만종초등학교,~,51,51130,5113032025,강원특별자치도,원주시,호저면
20250415,4371261,대보아파트,~,51,51130,5113032025,강원특별자치도,원주시,호저면
20250415,4371271,만종가구단지,~,51,51130,5113032025,강원특별자치도,원주시,호저면
20250415,4371281,광터사거리,~,51,51130,5113033027,강원특별자치도,원주시,지정면
20250415,4371321,동화역,~,51,51130,5113025022,강원특별자치도,원주시,문막읍
20250415,4371341,동화골,~,51,51130,5113025022,강원특별자치도,원주시,문막읍
20250415,4371351,덕난,~,51,51130,5113025022,강원특별자치도,원주시,문막읍
20250415,4371361,현진종합개발,~,51,51130,5113025022,강원특별자치도,원주시,문막읍
20250415,4371371,큰앤이,~,51,51130,5113025022,강원특별자치도,원주시,문막읍
20250415,4371381,만도아파트,~,51,51130,5113025022,강원특별자치도,원주시,문막읍
20250415,4371391,부영아파트,~,51,51130,5113025022,강원특별자치도,원주시,문막읍
20250415,4371401,삼양유가공,~,51,51130,5113025026,강원특별자치도,원주시,문막읍
20250415,4371411,도루코공장,~,51,51130,5113025026,강원특별자치도,원주시,문막읍
20250415,4371421,건등리,~,51,51130,5113025026,강원특별자치도,원주시,문막읍
20250415,4371431,형제주유소,~,51,51130,5113025026,강원특별자치도,원주시,문막읍
20250415,4371441,문막주공아파트,~,51,51130,5113025026,강원특별자치도,원주시,문막읍
20250415,4371451,원주의료고등학교,~,51,51130,5113025021,강원특별자치도,원주시,문막읍
20250415,4371461,문막읍사무소,~,51,51130,5113025026,강원특별자치도,원주시,문막읍
20250415,4371471,문막새마을금고,~,51,51130,5113025021,강원특별자치도,원주시,문막읍
20250415,4371481,물굽이앞,~,51,51130,5113025021,강원특별자치도,원주시,문막읍
20250415,4371491,취병리,~,51,51130,5113025024,강원특별자치도,원주시,문막읍
20250415,4371521,취병리,~,51,51130,5113025024,강원특별자치도,원주시,문막읍
20250415,4371531,문막소방서,~,51,51130,5113025021,강원특별자치도,원주시,문막읍
20250415,4371551,문막시장,~,51,51130,5113025021,강원특별자치도,원주시,문막읍
20250415,4371561,문막읍사무소,~,51,51130,5113025021,강원특별자치도,원주시,문막읍
20250415,4371571,형제주유소앞,~,51,51130,5113025026,강원특별자치도,원주시,문막읍
20250415,4371581,건등리,~,51,51130,5113025026,강원특별자치도,원주시,문막읍
20250415,4371591,부영아파트,~,51,51130,5113025022,강원특별자치도,원주시,문막읍
20250415,4371601,만도아파트,~,51,51130,5113025022,강원특별자치도,원주시,문막읍
20250415,4371611,큰앤이,~,51,51130,5113025022,강원특별자치도,원주시,문막읍
20250415,4371631,덕난,~,51,51130,5113025022,강원특별자치도,원주시,문막읍
20250415,4371641,만낭포,~,51,51130,5113025022,강원특별자치도,원주시,문막읍
20250415,4371661,복금동,~,51,51130,5113033027,강원특별자치도,원주시,지정면
20250415,4371671,팔포마을,~,51,51130,5113033027,강원특별자치도,원주시,지정면
20250415,4371681,광터사거리,~,51,51130,5113033027,강원특별자치도,원주시,지정면
20250415,4371691,요동,~,51,51130,5113033027,강원특별자치도,원주시,지정면
20250415,4371701,대보아파트,~,51,51130,5113032025,강원특별자치도,원주시,호저면
20250415,4371711,대명원,~,51,51130,5113032025,강원특별자치도,원주시,호저면
20250415,4371721,봉화산푸르지오,~,51,51130,5113011000,강원특별자치도,원주시,단계동
20250415,4371731,봉화산주공아파트,~,51,51130,5113011000,강원특별자치도,원주시,단계동
20250415,4371741,e편한세상아파트,~,51,51130,5113011000,강원특별자치도,원주시,단계동
20250415,4371751,역전삼거리,~,51,51130,5113010900,강원특별자치도,원주시,학성동
20250415,4371761,법웅사,~,51,51130,5113010900,강원특별자치도,원주시,학성동
20250415,4371771,옛원주역,~,51,51130,5113010900,강원특별자치도,원주시,학성동
20250415,4371781,KBS방송국,~,51,51130,5113010300,강원특별자치도,원주시,원동
20250415,4371791,롯데시네마,~,51,51130,5113010700,강원특별자치도,원주시,단구동
20250415,4371801,동보타워골드,~,51,51130,5113010700,강원특별자치도,원주시,단구동
20250415,4371811,프리미엄아울렛,~,51,51130,5113010700,강원특별자치도,원주시,단구동
20250415,4371821,단구중학교,~,51,51130,5113010700,강원특별자치도,원주시,단구동
20250415,4371831,현진4차아파트,~,51,51130,5113011600,강원특별자치도,원주시,관설동
20250415,4371841,청솔5차아파트,~,51,51130,5113011600,강원특별자치도,원주시,관설동
20250415,4371851,청솔6.8차아파트,~,51,51130,5113011600,강원특별자치도,원주시,관설동
20250415,4371861,한신1차아파트,~,51,51130,5113010500,강원특별자치도,원주시,개운동
20250415,4371871,금불사거리,~,51,51130,5113011000,강원특별자치도,원주시,단계동
20250415,4371881,사랑의집,~,51,51130,5113011000,강원특별자치도,원주시,단계동
20250415,4371891,도시가스(예비군훈련장),~,51,51130,5113032025,강원특별자치도,원주시,호저면
20250415,4371901,대명원,~,51,51130,5113032025,강원특별자치도,원주시,호저면
20250415,4371911,만종초등학교,~,51,51130,5113032025,강원특별자치도,원주시,호저면
20250415,4371921,뒷대마을,~,51,51130,5113032026,강원특별자치도,원주시,호저면
20250415,4371951,원주의료고등학교,~,51,51130,5113025021,강원특별자치도,원주시,문막읍
20250415,4371961,문막주공아파트,~,51,51130,5113025026,강원특별자치도,원주시,문막읍
20250415,4371971,단계현진아파트,~,51,51130,5113011000,강원특별자치도,원주시,단계동
20250415,4371981,옛합동청사,~,51,51130,5113011000,강원특별자치도,원주시,단계동
20250415,4371991,원주교육문화관,~,51,51130,5113011000,강원특별자치도,원주시,단계동
20250415,4372001,옛원주역,~,51,51130,5113010900,강원특별자치도,원주시,학성동
20250415,4372011,근린공원,~,51,51130,5113010700,강원특별자치도,원주시,단구동
20250415,4372021,치악고등학교,~,51,51130,5113011600,강원특별자치도,원주시,관설동
20250415,4372031,관설동종점,~,51,51130,5113011600,강원특별자치도,원주시,관설동
20250415,4372071,작백,~,51,51130,5113025029,강원특별자치도,원주시,문막읍
20250415,4372081,남도동,~,51,51130,5113025029,강원특별자치도,원주시,문막읍
20250415,4372131,밤산골정류장,~,51,51130,5113025029,강원특별자치도,원주시,문막읍
20250415,4372141,뒷대전,~,51,51130,5113025029,강원특별자치도,원주시,문막읍
20250415,4372151,벌무내기,~,51,51130,5113025029,강원특별자치도,원주시,문막읍
20250415,4372161,대둔리,~,51,51130,5113025030,강원특별자치도,원주시,문막읍
20250415,4372181,동화산업단지관리사무소,~,51,51130,5113025022,강원특별자치도,원주시,문막읍
20250415,4372191,동화의료기기,~,51,51130,5113025022,강원특별자치도,원주시,문막읍
20250415,4372221,동화의료기기,~,51,51130,5113025022,강원특별자치도,원주시,문막읍
20250415,4372241,동화산업단지입구,~,51,51130,5113025022,강원특별자치도,원주시,문막읍
20250415,4372251,세종통신,~,51,51130,5113025022,강원특별자치도,원주시,문막읍
20250415,4372261,학성근린공원,~,51,51130,5113010900,강원특별자치도,원주시,학성동
20250415,4372271,농산물도매시장,~,51,51130,5113011000,강원특별자치도,원주시,단계동
20250415,4372281,영서고등학교,~,51,51130,5113011600,강원특별자치도,원주시,관설동
20250415,4372291,박경리문학공원,~,51,51130,5113010700,강원특별자치도,원주시,단구동
20250415,4372301,현진에버빌,~,51,51130,5113010700,강원특별자치도,원주시,단구동
20250415,4372311,구곡현대아파트,~,51,51130,5113010700,강원특별자치도,원주시,단구동
20250415,4372321,베스파타운,~,51,51130,5113011500,강원특별자치도,원주시,무실동
20250415,4372331,파인밸리,~,51,51130,5113031024,강원특별자치도,원주시,소초면
20250415,4372351,휴먼시아6차.원주어시장,~,51,51130,5113011500,강원특별자치도,원주시,무실동
20250415,4372361,원주시청,~,51,51130,5113011500,강원특별자치도,원주시,무실동
20250415,4372371,원주교오거리,~,51,51130,5113010400,강원특별자치도,원주시,인동
20250415,4372381,동보노빌리티.포스코아파트,~,51,51130,5113010600,강원특별자치도,원주시,명륜동
20250415,4372391,도루코공장,~,51,51130,5113025022,강원특별자치도,원주시,문막읍
20250415,4372401,삼양유가공,~,51,51130,5113025022,강원특별자치도,원주시,문막읍
20250415,4372411,동화골,~,51,51130,5113025022,강원특별자치도,원주시,문막읍
20250415,4372431,지하상가,~,51,51130,5113010800,강원특별자치도,원주시,일산동
20250415,4372521,남도동,~,51,51130,5113025029,강원특별자치도,원주시,문막읍
20250415,4372551,벌무내기,~,51,51130,5113025029,강원특별자치도,원주시,문막읍
20250415,4372571,단구사거리,~,51,51130,5113010700,강원특별자치도,원주시,단구동
20250415,4372581,단구사거리,~,51,51130,5113010700,강원특별자치도,원주시,단구동
20250415,4372591,원주시니어클럽,~,51,51130,5113010700,강원특별자치도,원주시,단구동
20250415,4372601,원주시니어클럽,~,51,51130,5113010700,강원특별자치도,원주시,단구동
20250415,4372611,선아아파트,~,51,51130,5113010700,강원특별자치도,원주시,단구동
20250415,4372621,통일아파트,~,51,51130,5113010700,강원특별자치도,원주시,단구동
20250415,4372631,원주중학교,~,51,51130,5113010700,강원특별자치도,원주시,단구동
20250415,4372641,원주고등학교,~,51,51130,5113010500,강원특별자치도,원주시,개운동
20250415,4372651,금대로남부시장,~,51,51130,5113010500,강원특별자치도,원주시,개운동
20250415,4372661,단계사거리,~,51,51130,5113010900,강원특별자치도,원주시,학성동
20250415,4372671,우산철교.폴리텍대학,~,51,51130,5113011000,강원특별자치도,원주시,단계동
20250415,4372681,삼한주유소,~,51,51130,5113011100,강원특별자치도,원주시,우산동
20250415,4372691,현대자동차.상공회의소,~,51,51130,5113011100,강원특별자치도,원주시,우산동
20250415,4372701,우리병원,~,51,51130,5113011100,강원특별자치도,원주시,우산동
20250415,4372711,북원교,~,51,51130,5113011100,강원특별자치도,원주시,우산동
20250415,4372721,태장삼거리,~,51,51130,5113011200,강원특별자치도,원주시,태장동
20250415,4372731,태장2동,~,51,51130,5113011200,강원특별자치도,원주시,태장동
20250415,4372741,북원중학교,~,51,51130,5113011200,강원특별자치도,원주시,태장동
20250415,4372751,우성아파트,~,51,51130,5113011200,강원특별자치도,원주시,태장동
20250415,4372761,장양초등학교,~,51,51130,5113011200,강원특별자치도,원주시,태장동
20250415,4372771,태장농공단지,~,51,51130,5113011200,강원특별자치도,원주시,태장동
20250415,4372781,KGC인삼공사원주공장,~,51,51130,5113031023,강원특별자치도,원주시,소초면
20250415,4372791,영진아파트,~,51,51130,5113031023,강원특별자치도,원주시,소초면
20250415,4372801,부안동,~,51,51130,5113031023,강원특별자치도,원주시,소초면
20250415,4372811,원대,~,51,51130,5113031023,강원특별자치도,원주시,소초면
20250415,4372821,선배고개,~,51,51130,5113031023,강원특별자치도,원주시,소초면
20250415,4372831,의관정류소,~,51,51130,5113031022,강원특별자치도,원주시,소초면
20250415,4372851,둔둔리,~,51,51130,5113031027,강원특별자치도,원주시,소초면
20250415,4372861,우리환경,~,51,51130,5113031027,강원특별자치도,원주시,소초면
20250415,4372871,둔둔리,~,51,51130,5113031027,강원특별자치도,원주시,소초면
20250415,4372881,의관리,~,51,51130,5113031022,강원특별자치도,원주시,소초면
20250415,4372891,선배고개,~,51,51130,5113031023,강원특별자치도,원주시,소초면
20250415,4372901,원대,~,51,51130,5113031023,강원특별자치도,원주시,소초면
20250415,4372911,소초농협앞,~,51,51130,5113031023,강원특별자치도,원주시,소초면
20250415,4372921,영진아파트,~,51,51130,5113031023,강원특별자치도,원주시,소초면
20250415,4372931,KGC인삼공사원주공장,~,51,51130,5113031023,강원특별자치도,원주시,소초면
20250415,4372941,한국도로공사,~,51,51130,5113011200,강원특별자치도,원주시,태장동
20250415,4372961,우성아파트,~,51,51130,5113011200,강원특별자치도,원주시,태장동
20250415,4372971,북원중학교,~,51,51130,5113011800,강원특별자치도,원주시,가현동
20250415,4372981,태장2동,~,51,51130,5113011800,강원특별자치도,원주시,가현동
20250415,4372991,한일주유소,~,51,51130,5113011200,강원특별자치도,원주시,태장동
20250415,4373001,북원교,~,51,51130,5113011100,강원특별자치도,원주시,우산동
20250415,4373011,태장주공4단지,~,51,51130,5113011200,강원특별자치도,원주시,태장동
20250415,4373021,현대자동차.상공회의소,~,51,51130,5113011100,강원특별자치도,원주시,우산동
20250415,4373031,강원정비기술학원,~,51,51130,5113011100,강원특별자치도,원주시,우산동
20250415,4373041,우산철교.폴리텍대학,~,51,51130,5113011000,강원특별자치도,원주시,단계동
20250415,4373051,단계사거리,~,51,51130,5113010900,강원특별자치도,원주시,학성동
20250415,4373061,원일로남부시장,~,51,51130,5113010500,강원특별자치도,원주시,개운동
20250415,4373071,원주고등학교,~,51,51130,5113010500,강원특별자치도,원주시,개운동
20250415,4373081,원주중학교,~,51,51130,5113010700,강원특별자치도,원주시,단구동
20250415,4373091,통일아파트,~,51,51130,5113010700,강원특별자치도,원주시,단구동
20250415,4373101,선아아파트,~,51,51130,5113010700,강원특별자치도,원주시,단구동
20250415,4373111,장양리차고지,~,51,51130,5113031023,강원특별자치도,원주시,소초면
20250415,4373121,KT지사,~,51,51130,5113010900,강원특별자치도,원주시,학성동
20250415,4373131,세교마을,~,51,51130,5113038021,강원특별자치도,원주시,판부면
20250415,4373141,바른요양병원,~,51,51130,5113038021,강원특별자치도,원주시,판부면
20250415,4373161,금대초등학교,~,51,51130,5113038021,강원특별자치도,원주시,판부면
20250415,4373171,뜀바위,~,51,51130,5113038021,강원특별자치도,원주시,판부면
20250415,4373181,금대1리,~,51,51130,5113038021,강원특별자치도,원주시,판부면
20250415,4373191,금대계곡,~,51,51130,5113038021,강원특별자치도,원주시,판부면
20250415,4373221,금대3리마을회관앞,~,51,51130,5113038021,강원특별자치도,원주시,판부면
20250415,4373231,원동,~,51,51130,5113038021,강원특별자치도,원주시,판부면
20250415,4373251,치악재정상,~,51,51130,5113039022,강원특별자치도,원주시,신림면
20250415,4373261,치악휴게소,~,51,51130,5113039022,강원특별자치도,원주시,신림면
20250415,4373281,흑천동,~,51,51130,5113039022,강원특별자치도,원주시,신림면
20250415,4373291,금창리,~,51,51130,5113039022,강원특별자치도,원주시,신림면
20250415,4373301,갈곡,~,51,51130,5113039021,강원특별자치도,원주시,신림면
20250415,4373311,뒷담마을,~,51,51130,5113039021,강원특별자치도,원주시,신림면
20250415,4373321,신림면사무소,~,51,51130,5113039021,강원특별자치도,원주시,신림면
20250415,4373331,신림힐링센터,~,51,51130,5113039021,강원특별자치도,원주시,신림면
20250415,4373351,신림역,~,51,51130,5113039024,강원특별자치도,원주시,신림면
20250415,4373361,용암3리,~,51,51130,5113039024,강원특별자치도,원주시,신림면
20250415,4373371,용암3리,~,51,51130,5113039024,강원특별자치도,원주시,신림면
20250415,4373381,용암리,~,51,51130,5113039024,강원특별자치도,원주시,신림면
20250415,4373391,용암리,~,51,51130,5113039024,강원특별자치도,원주시,신림면
20250415,4373411,갈밭골,~,51,51130,5113039024,강원특별자치도,원주시,신림면
20250415,4373421,신림힐링센터,~,51,51130,5113039021,강원특별자치도,원주시,신림면
20250415,4373431,신림삼거리,~,51,51130,5113039021,강원특별자치도,원주시,신림면
20250415,4373441,신림면사무소,~,51,51130,5113039021,강원특별자치도,원주시,신림면
20250415,4373451,뒷담마을,~,51,51130,5113039021,강원특별자치도,원주시,신림면
20250415,4373471,금창리,~,51,51130,5113039021,강원특별자치도,원주시,신림면
20250415,4373481,흑천동,~,51,51130,5113039022,강원특별자치도,원주시,신림면
20250415,4373501,치악휴게소,~,51,51130,5113039022,강원특별자치도,원주시,신림면
20250415,4373511,치악재정상,~,51,51130,5113039022,강원특별자치도,원주시,신림면
20250415,4373531,원동,~,51,51130,5113038021,강원특별자치도,원주시,판부면
20250415,4373541,금대3리마을회관앞,~,51,51130,5113038021,강원특별자치도,원주시,판부면
20250415,4373561,회론동앞,~,51,51130,5113038021,강원특별자치도,원주시,판부면
20250415,4373571,금대계곡,~,51,51130,5113038021,강원특별자치도,원주시,판부면
20250415,4373581,곰네미,~,51,51130,5113038021,강원특별자치도,원주시,판부면
20250415,4373591,뜀바위,~,51,51130,5113038021,강원특별자치도,원주시,판부면
20250415,4373601,음금대,~,51,51130,5113038021,강원특별자치도,원주시,판부면
20250415,4373611,금대초등학교,~,51,51130,5113038021,강원특별자치도,원주시,판부면
20250415,4373621,바른요양병원,~,51,51130,5113038021,강원특별자치도,원주시,판부면
20250415,4373631,세교마을,~,51,51130,5113038021,강원특별자치도,원주시,판부면
20250415,4373641,KT지사,~,51,51130,5113010900,강원특별자치도,원주시,학성동
20250415,4373651,장양리차고지,~,51,51130,5113031023,강원특별자치도,원주시,소초면
20250415,4373661,가현동,~,51,51130,5113011800,강원특별자치도,원주시,가현동
20250415,4373671,부대앞,~,51,51130,5113011800,강원특별자치도,원주시,가현동
20250415,4373681,가현종점,~,51,51130,5113011800,강원특별자치도,원주시,가현동
20250415,4373711,안흥한의원,~,51,51130,5113011200,강원특별자치도,원주시,태장동
20250415,4373721,태장2동주민센터,~,51,51130,5113011200,강원특별자치도,원주시,태장동
20250415,4373731,태장주공2단지,~,51,51130,5113011200,강원특별자치도,원주시,태장동
20250415,4373741,태장주공1단지,~,51,51130,5113011200,강원특별자치도,원주시,태장동
20250415,4373751,태장주공아파트,~,51,51130,5113011200,강원특별자치도,원주시,태장동
20250415,4373761,안흥한의원,~,51,51130,5113011200,강원특별자치도,원주시,태장동
20250415,4373781,우산어린이집,~,51,51130,5113011100,강원특별자치도,원주시,우산동
20250415,4373791,우두산마을,~,51,51130,5113011100,강원특별자치도,원주시,우산동
20250415,4373811,우산공단사거리,~,51,51130,5113011100,강원특별자치도,원주시,우산동
20250415,4373821,진광중고등학교,~,51,51130,5113011100,강원특별자치도,원주시,우산동
20250415,4373831,상지대학교,~,51,51130,5113011100,강원특별자치도,원주시,우산동
20250415,4373841,우산초교,~,51,51130,5113011100,강원특별자치도,원주시,우산동
20250415,4373851,동우아파트,~,51,51130,5113011100,강원특별자치도,원주시,우산동
20250415,4373861,대동택시,~,51,51130,5113011100,강원특별자치도,원주시,우산동
20250415,4373871,장미아파트,~,51,51130,5113011000,강원특별자치도,원주시,단계동
20250415,4373881,롯데아파트,~,51,51130,5113011000,강원특별자치도,원주시,단계동
20250415,4373891,학성중학교후문,~,51,51130,5113010800,강원특별자치도,원주시,일산동
20250415,4373901,원주가톨릭병원,~,51,51130,5113010900,강원특별자치도,원주시,학성동
20250415,4373911,옛원주문화원,~,51,51130,5113010300,강원특별자치도,원주시,원동
20250415,4373921,원동사거리,~,51,51130,5113010800,강원특별자치도,원주시,일산동
20250415,4373931,한주아파트,~,51,51130,5113010800,강원특별자치도,원주시,일산동
20250415,4373941,성원아파트,~,51,51130,5113010800,강원특별자치도,원주시,일산동
20250415,4373951,치악체육관후문,~,51,51130,5113010600,강원특별자치도,원주시,명륜동
20250415,4373961,원주여자중학교,~,51,51130,5113010600,강원특별자치도,원주시,명륜동
20250415,4373971,국립공원연구원입구,~,51,51130,5113010600,강원특별자치도,원주시,명륜동
20250415,4373981,도영쇼핑,~,51,51130,5113010600,강원특별자치도,원주시,명륜동
20250415,4373991,행운아파트,~,51,51130,5113010600,강원특별자치도,원주시,명륜동
20250415,4374001,명륜2동주민센터,~,51,51130,5113010600,강원특별자치도,원주시,명륜동
20250415,4374011,구곡현대아파트,~,51,51130,5113010700,강원특별자치도,원주시,단구동
20250415,4374021,두산아파트,~,51,51130,5113010700,강원특별자치도,원주시,단구동
20250415,4374031,남원주중학교정문,~,51,51130,5113010700,강원특별자치도,원주시,단구동
20250415,4374041,원주시니어클럽후문,~,51,51130,5113010700,강원특별자치도,원주시,단구동
20250415,4374051,보라매연립,~,51,51130,5113010700,강원특별자치도,원주시,단구동
20250415,4374061,해청아파트,~,51,51130,5113010700,강원특별자치도,원주시,단구동
20250415,4374071,반곡아이파크,~,51,51130,5113011700,강원특별자치도,원주시,반곡동
20250415,4374091,반곡교,~,51,51130,5113010500,강원특별자치도,원주시,개운동
20250415,4374101,구.학성초등학교,~,51,51130,5113010900,강원특별자치도,원주시,학성동
20250415,4374111,태장1동주민센터,~,51,51130,5113011200,강원특별자치도,원주시,태장동
20250415,4374121,새마을회관,~,51,51130,5113011200,강원특별자치도,원주시,태장동
20250415,4374131,KBS송신소,~,51,51130,5113011200,강원특별자치도,원주시,태장동
20250415,4374141,태장현대아파트입구,~,51,51130,5113011200,강원특별자치도,원주시,태장동
20250415,4374151,현충탑,~,51,51130,5113011200,강원특별자치도,원주시,태장동
20250415,4374161,영진아파트,~,51,51130,5113011200,강원특별자치도,원주시,태장동
20250415,4374171,상록아파트,~,51,51130,5113011200,강원특별자치도,원주시,태장동
20250415,4374181,금광포란재아파트,~,51,51130,5113011200,강원특별자치도,원주시,태장동
20250415,4374191,태장초등학교,~,51,51130,5113011200,강원특별자치도,원주시,태장동
20250415,4374201,우성2차아파트,~,51,51130,5113011200,강원특별자치도,원주시,태장동
20250415,4374211,행복한마트,~,51,51130,5113011200,강원특별자치도,원주시,태장동
20250415,4374221,태장초등학교,~,51,51130,5113011200,강원특별자치도,원주시,태장동
20250415,4374231,상록아파트,~,51,51130,5113011200,강원특별자치도,원주시,태장동
20250415,4374241,영진아파트,~,51,51130,5113011200,강원특별자치도,원주시,태장동
20250415,4374251,현충탑,~,51,51130,5113011200,강원특별자치도,원주시,태장동
20250415,4374261,태장현대아파트입구,~,51,51130,5113011200,강원특별자치도,원주시,태장동
20250415,4374281,새마을회관,~,51,51130,5113011200,강원특별자치도,원주시,태장동
20250415,4374291,태장1동주민센터,~,51,51130,5113011200,강원특별자치도,원주시,태장동
20250415,4374301,구.학성초등학교,~,51,51130,5113010900,강원특별자치도,원주시,학성동
20250415,4374311,지하상가사거리,~,51,51130,5113010100,강원특별자치도,원주시,중앙동
20250415,4374321,반곡교,~,51,51130,5113010500,강원특별자치도,원주시,개운동
20250415,4374331,벽산블루밍아파트,~,51,51130,5113011700,강원특별자치도,원주시,반곡동
20250415,4374341,반곡아이파크정문,~,51,51130,5113010700,강원특별자치도,원주시,단구동
20250415,4374351,해청아파트,~,51,51130,5113010700,강원특별자치도,원주시,단구동
20250415,4374361,보라매연립,~,51,51130,5113010700,강원특별자치도,원주시,단구동
20250415,4374371,원주시니어클럽,~,51,51130,5113010700,강원특별자치도,원주시,단구동
20250415,4374381,내안애카운티,~,51,51130,5113038022,강원특별자치도,원주시,판부면
20250415,4374391,남원주중학교정문,~,51,51130,5113010700,강원특별자치도,원주시,단구동
20250415,4374401,두산아파트,~,51,51130,5113010700,강원특별자치도,원주시,단구동
20250415,4374411,구곡현대아파트,~,51,51130,5113010700,강원특별자치도,원주시,단구동
20250415,4374421,명륜2동주민센터,~,51,51130,5113010600,강원특별자치도,원주시,명륜동
20250415,4374431,행운아파트앞,~,51,51130,5113010600,강원특별자치도,원주시,명륜동
20250415,4374441,도영쇼핑,~,51,51130,5113010600,강원특별자치도,원주시,명륜동
20250415,4374451,국립공원연구원입구,~,51,51130,5113010600,강원특별자치도,원주시,명륜동
20250415,4374461,원주여자중학교,~,51,51130,5113010600,강원특별자치도,원주시,명륜동
20250415,4374471,치악체육관후문,~,51,51130,5113010600,강원특별자치도,원주시,명륜동
20250415,4374481,성원아파트,~,51,51130,5113010300,강원특별자치도,원주시,원동
20250415,4374491,한주아파트,~,51,51130,5113010800,강원특별자치도,원주시,일산동
20250415,4374501,원동사거리,~,51,51130,5113010300,강원특별자치도,원주시,원동
20250415,4374511,KBS방송국,~,51,51130,5113010300,강원특별자치도,원주시,원동
20250415,4374521,원주가톨릭병원,~,51,51130,5113010900,강원특별자치도,원주시,학성동
20250415,4374531,학성중학교후문,~,51,51130,5113010800,강원특별자치도,원주시,일산동
20250415,4374541,롯데아파트앞,~,51,51130,5113011000,강원특별자치도,원주시,단계동
20250415,4374551,벽산아파트,~,51,51130,5113011000,강원특별자치도,원주시,단계동
20250415,4374561,대동택시,~,51,51130,5113011100,강원특별자치도,원주시,우산동
20250415,4374571,동우아파트,~,51,51130,5113011100,강원특별자치도,원주시,우산동
20250415,4374581,우산초교,~,51,51130,5113011100,강원특별자치도,원주시,우산동
20250415,4374591,상지대입구,~,51,51130,5113011100,강원특별자치도,원주시,우산동
20250415,4374601,진광중고등학교,~,51,51130,5113011100,강원특별자치도,원주시,우산동
20250415,4374611,우산공단사거리,~,51,51130,5113011100,강원특별자치도,원주시,우산동
20250415,4374631,우두산마을,~,51,51130,5113011100,강원특별자치도,원주시,우산동
20250415,4374641,우산어린이집,~,51,51130,5113011100,강원특별자치도,원주시,우산동
20250415,4374661,롯데아파트,~,51,51130,5113011000,강원특별자치도,원주시,단계동
20250415,4374671,단계현진아파트,~,51,51130,5113011000,강원특별자치도,원주시,단계동
20250415,4374681,단계현대아파트,~,51,51130,5113011000,강원특별자치도,원주시,단계동
20250415,4374691,한라비발디아파트,~,51,51130,5113011100,강원특별자치도,원주시,우산동
20250415,4374701,단계이안아파트,~,51,51130,5113011000,강원특별자치도,원주시,단계동
20250415,4374711,우산덕원아파트,~,51,51130,5113011100,강원특별자치도,원주시,우산동
20250415,4374721,한라비발디후문,~,51,51130,5113011100,강원특별자치도,원주시,우산동
20250415,4374731,한라비발디2차정문,~,51,51130,5113011100,강원특별자치도,원주시,우산동
20250415,4374751,롯데아파트,~,51,51130,5113011000,강원특별자치도,원주시,단계동
20250415,4374761,원예하나로마트,~,51,51130,5113011000,강원특별자치도,원주시,단계동
20250415,4374771,평원중학교,~,51,51130,5113011000,강원특별자치도,원주시,단계동
20250415,4374781,이화마을,~,51,51130,5113011000,강원특별자치도,원주시,단계동
20250415,4374791,한지테마공원,~,51,51130,5113011500,강원특별자치도,원주시,무실동
20250415,4374801,혁신풍경채센텀포레,~,51,51130,5113011700,강원특별자치도,원주시,반곡동
20250415,4374811,배말타운,~,51,51130,5113011300,강원특별자치도,원주시,봉산동
20250415,4374831,사러가플러스마트,~,51,51130,5113011200,강원특별자치도,원주시,태장동
20250415,4374841,태장중학교,~,51,51130,5113011200,강원특별자치도,원주시,태장동
20250415,4374851,동보렉스아파트,~,51,51130,5113011200,강원특별자치도,원주시,태장동
20250415,4374861,성호샤인힐즈,~,51,51130,5113011200,강원특별자치도,원주시,태장동
20250415,4374871,소일,~,51,51130,5113011200,강원특별자치도,원주시,태장동
20250415,4374881,개인택시조합,~,51,51130,5113011200,강원특별자치도,원주시,태장동
20250415,4374891,강원과학고등학교,~,51,51130,5113011200,강원특별자치도,원주시,태장동
20250415,4374901,흥양삼거리,~,51,51130,5113031024,강원특별자치도,원주시,소초면
20250415,4374911,36사단정문,~,51,51130,5113031024,강원특별자치도,원주시,소초면
20250415,4374921,약수터,~,51,51130,5113011200,강원특별자치도,원주시,태장동
20250415,4374931,정암아파트,~,51,51130,5113011200,강원특별자치도,원주시,태장동
20250415,4374941,두진백로아파트,~,51,51130,5113011200,강원특별자치도,원주시,태장동
20250415,4374951,태장주공아파트,~,51,51130,5113011200,강원특별자치도,원주시,태장동
20250415,4374961,두진아파트앞,~,51,51130,5113011200,강원특별자치도,원주시,태장동
20250415,4374971,정암아파트,~,51,51130,5113011200,강원특별자치도,원주시,태장동
20250415,4374981,약수터,~,51,51130,5113011200,강원특별자치도,원주시,태장동
20250415,4374991,갓바위,~,51,51130,5113031024,강원특별자치도,원주시,소초면
20250415,4375001,송문사거리,~,51,51130,5113031024,강원특별자치도,원주시,소초면
20250415,4375011,과학고등학교,~,51,51130,5113011200,강원특별자치도,원주시,태장동
20250415,4375021,개인택시조합,~,51,51130,5113011200,강원특별자치도,원주시,태장동
20250415,4375031,소일,~,51,51130,5113011200,강원특별자치도,원주시,태장동
20250415,4375041,성호아파트,~,51,51130,5113011200,강원특별자치도,원주시,태장동
20250415,4375051,태장동보렉스,~,51,51130,5113011200,강원특별자치도,원주시,태장동
20250415,4375061,태장중학교,~,51,51130,5113011200,강원특별자치도,원주시,태장동
20250415,4375071,사러가플러스마트,~,51,51130,5113011200,강원특별자치도,원주시,태장동
20250415,4375091,배말타운,~,51,51130,5113011300,강원특별자치도,원주시,봉산동
20250415,4375101,한지테마공원,~,51,51130,5113011500,강원특별자치도,원주시,무실동
20250415,4375111,이화마을,~,51,51130,5113011500,강원특별자치도,원주시,무실동
20250415,4375121,평원중학교,~,51,51130,5113011000,강원특별자치도,원주시,단계동
20250415,4375131,원예하나로마트,~,51,51130,5113010600,강원특별자치도,원주시,명륜동
20250415,4375151,대동마을,~,51,51130,5113036023,강원특별자치도,원주시,귀래면
20250415,4375161,새골,~,51,51130,5113011500,강원특별자치도,원주시,무실동
20250415,4375171,법원,~,51,51130,5113011500,강원특별자치도,원주시,무실동
20250415,4375181,법원,~,51,51130,5113011500,강원특별자치도,원주시,무실동
20250415,4375201,마지,~,51,51130,5113039021,강원특별자치도,원주시,신림면
20250415,4375211,청구아파트,~,51,51130,5113010600,강원특별자치도,원주시,명륜동
20250415,4375221,동보노빌리티입구,~,51,51130,5113010600,강원특별자치도,원주시,명륜동
20250415,4375231,오페라웨딩홀,~,51,51130,5113038022,강원특별자치도,원주시,판부면
20250415,4375241,남송,~,51,51130,5113038022,강원특별자치도,원주시,판부면
20250415,4375261,아랫거리,~,51,51130,5113038022,강원특별자치도,원주시,판부면
20250415,4375271,거장아파트,~,51,51130,5113038022,강원특별자치도,원주시,판부면
20250415,4375281,서곡삼거리,~,51,51130,5113038022,강원특별자치도,원주시,판부면
20250415,4375291,국립강릉원주대학교,~,51,51130,5113037021,강원특별자치도,원주시,흥업면
20250415,4375301,육민관중.고등학교,~,51,51130,5113037021,강원특별자치도,원주시,흥업면
20250415,4375311,흥업사거리,~,51,51130,5113037021,강원특별자치도,원주시,흥업면
20250415,4375321,자감촌침례교회,~,51,51130,5113037021,강원특별자치도,원주시,흥업면
20250415,4375331,한라대학교정문,~,51,51130,5113037021,강원특별자치도,원주시,흥업면
20250415,4375341,자감촌침례교회,~,51,51130,5113037021,강원특별자치도,원주시,흥업면
20250415,4375351,흥업사거리,~,51,51130,5113037021,강원특별자치도,원주시,흥업면
20250415,4375361,육민관중고교,~,51,51130,5113037021,강원특별자치도,원주시,흥업면
20250415,4375371,마장동,~,51,51130,5113011500,강원특별자치도,원주시,무실동
20250415,4375381,행가리,~,51,51130,5113011500,강원특별자치도,원주시,무실동
20250415,4375391,이마트,~,51,51130,5113011500,강원특별자치도,원주시,무실동
20250415,4375401,부영아파트,~,51,51130,5113011500,강원특별자치도,원주시,무실동
20250415,4375411,너르네사거리,~,51,51130,5113011400,강원특별자치도,원주시,행구동
20250415,4375421,현대아파트,~,51,51130,5113011400,강원특별자치도,원주시,행구동
20250415,4375431,건영아파트,~,51,51130,5113011400,강원특별자치도,원주시,행구동
20250415,4375441,행구수변공원,~,51,51130,5113011400,강원특별자치도,원주시,행구동
20250415,4375451,신월랑,~,51,51130,5113011400,강원특별자치도,원주시,행구동
20250415,4375461,미래고,~,51,51130,5113011400,강원특별자치도,원주시,행구동
20250415,4375471,성문사입구,~,51,51130,5113011400,강원특별자치도,원주시,행구동
20250415,4375491,성문사입구,~,51,51130,5113011400,강원특별자치도,원주시,행구동
20250415,4375501,미래고,~,51,51130,5113011400,강원특별자치도,원주시,행구동
20250415,4375511,신월랑,~,51,51130,5113011400,강원특별자치도,원주시,행구동
20250415,4375521,행구수변공원,~,51,51130,5113011400,강원특별자치도,원주시,행구동
20250415,4375531,건영아파트,~,51,51130,5113011400,강원특별자치도,원주시,행구동
20250415,4375541,행구현대아파트,~,51,51130,5113011400,강원특별자치도,원주시,행구동
20250415,4375551,너르네,~,51,51130,5113011400,강원특별자치도,원주시,행구동
20250415,4375561,이마트,~,51,51130,5113011500,강원특별자치도,원주시,무실동
20250415,4375571,행가리,~,51,51130,5113011500,강원특별자치도,원주시,무실동
20250415,4375581,합포원,~,51,51130,5113011500,강원특별자치도,원주시,무실동
20250415,4375591,육민관고등학교,~,51,51130,5113037021,강원특별자치도,원주시,흥업면
20250415,4375601,흥업사거리,~,51,51130,5113037021,강원특별자치도,원주시,흥업면
20250415,4375611,흥업사거리,~,51,51130,5113037021,강원특별자치도,원주시,흥업면
20250415,4375621,국립강릉원주대학교,~,51,51130,5113037021,강원특별자치도,원주시,흥업면
20250415,4375631,국립강릉원주대학교,~,51,51130,5113037021,강원특별자치도,원주시,흥업면
20250415,4375651,거장아파트,~,51,51130,5113038022,강원특별자치도,원주시,판부면
20250415,4375661,아랫거리,~,51,51130,5113038022,강원특별자치도,원주시,판부면
20250415,4375681,남송,~,51,51130,5113038022,강원특별자치도,원주시,판부면
20250415,4375691,오페라웨딩홀,~,51,51130,5113038022,강원특별자치도,원주시,판부면
20250415,4375701,청구아파트,~,51,51130,5113010700,강원특별자치도,원주시,단구동
20250415,4375711,원주원예농협,~,51,51130,5113011100,강원특별자치도,원주시,우산동
20250415,4375731,우산119안전센터,~,51,51130,5113011100,강원특별자치도,원주시,우산동
20250415,4375741,성호샤인힐즈,~,51,51130,5113011200,강원특별자치도,원주시,태장동
20250415,4375751,흥화브라운빌,~,51,51130,5113011200,강원특별자치도,원주시,태장동
20250415,4375761,우산119안전센터,~,51,51130,5113011100,강원특별자치도,원주시,우산동
20250415,4375771,동보아파트,~,51,51130,5113011100,강원특별자치도,원주시,우산동
20250415,4375781,원주원예농협,~,51,51130,5113011100,강원특별자치도,원주시,우산동
20250415,4375821,가래머리,~,51,51130,5113039023,강원특별자치도,원주시,신림면
20250415,4375861,석동종점,~,51,51130,5113039023,강원특별자치도,원주시,신림면
20250415,4375901,선학동,~,51,51130,5113039023,강원특별자치도,원주시,신림면
20250415,4375911,사림,~,51,51130,5113039024,강원특별자치도,원주시,신림면
20250415,4375921,용암2리마을회관,~,51,51130,5113039024,강원특별자치도,원주시,신림면
20250415,4375931,용암,~,51,51130,5113039024,강원특별자치도,원주시,신림면
20250415,4375971,아랫당숲,~,51,51130,5113039025,강원특별자치도,원주시,신림면
20250415,4376021,성남종점,~,51,51130,5113039025,강원특별자치도,원주시,신림면
20250415,4376031,윗버등,~,51,51130,5113039025,강원특별자치도,원주시,신림면
20250415,4376041,본동,~,51,51130,5113039025,강원특별자치도,원주시,신림면
20250415,4376051,성황림,~,51,51130,5113039025,강원특별자치도,원주시,신림면
20250415,4376061,본동,~,51,51130,5113039025,강원특별자치도,원주시,신림면
20250415,4376071,아랫당숲,~,51,51130,5113039025,강원특별자치도,원주시,신림면
20250415,4376081,가둔지,~,51,51130,5113039025,강원특별자치도,원주시,신림면
20250415,4376091,성남골,~,51,51130,5113039025,강원특별자치도,원주시,신림면
20250415,4376101,언당,~,51,51130,5113039021,강원특별자치도,원주시,신림면
20250415,4376121,물안동,~,51,51130,5113039026,강원특별자치도,원주시,신림면
20250415,4376141,창촌,~,51,51130,5113039026,강원특별자치도,원주시,신림면
20250415,4376161,재사,~,51,51130,5113039026,강원특별자치도,원주시,신림면
20250415,4376171,소야,~,51,51130,5113039026,강원특별자치도,원주시,신림면
20250415,4376181,신목,~,51,51130,5113039026,강원특별자치도,원주시,신림면
20250415,4376191,즐개들,~,51,51130,5113039026,강원특별자치도,원주시,신림면
20250415,4376201,동막골,~,51,51130,5113037022,강원특별자치도,원주시,흥업면
20250415,4376221,도용,~,51,51130,5113039027,강원특별자치도,원주시,신림면
20250415,4376261,섬안이,~,51,51130,5113039027,강원특별자치도,원주시,신림면
20250415,4376271,유치,~,51,51130,5113039027,강원특별자치도,원주시,신림면
20250415,4376281,계야,~,51,51130,5113039027,강원특별자치도,원주시,신림면
20250415,4376291,도용,~,51,51130,5113039027,강원특별자치도,원주시,신림면
20250415,4376311,동막골,~,51,51130,5113037022,강원특별자치도,원주시,흥업면
20250415,4376321,즐개들,~,51,51130,5113039026,강원특별자치도,원주시,신림면
20250415,4376331,신목,~,51,51130,5113039026,강원특별자치도,원주시,신림면
20250415,4376341,소야,~,51,51130,5113039026,강원특별자치도,원주시,신림면
20250415,4376351,재사,~,51,51130,5113039026,강원특별자치도,원주시,신림면
20250415,4376361,평촌,~,51,51130,5113039026,강원특별자치도,원주시,신림면
20250415,4376371,창촌,~,51,51130,5113039026,강원특별자치도,원주시,신림면
20250415,4376381,물안동,~,51,51130,5113039026,강원특별자치도,원주시,신림면
20250415,4376391,물안동,~,51,51130,5113039026,강원특별자치도,원주시,신림면
20250415,4376401,싸리치,~,51,51130,5113039025,강원특별자치도,원주시,신림면
20250415,4376421,성남1리,~,51,51130,5113039021,강원특별자치도,원주시,신림면
20250415,4376451,꿈드림새마을금고,~,51,51130,5113011000,강원특별자치도,원주시,단계동
20250415,4376461,단계은행아파트,~,51,51130,5113011000,강원특별자치도,원주시,단계동
20250415,4376471,원주교도소,~,51,51130,5113011000,강원특별자치도,원주시,단계동
20250415,4376491,보촌,~,51,51130,5113037021,강원특별자치도,원주시,흥업면
20250415,4376501,두산위브정문,~,51,51130,5113037021,강원특별자치도,원주시,흥업면
20250415,4376521,벌밤골,~,51,51130,5113037021,강원특별자치도,원주시,흥업면
20250415,4376531,무수막마을,~,51,51130,5113037022,강원특별자치도,원주시,흥업면
20250415,4376541,세동마을,~,51,51130,5113037022,강원특별자치도,원주시,흥업면
20250415,4376561,연세대스포츠센터,~,51,51130,5113037022,강원특별자치도,원주시,흥업면
20250415,4376581,연세대복지타운,~,51,51130,5113037022,강원특별자치도,원주시,흥업면
20250415,4376591,연세대학교,~,51,51130,5113037022,강원특별자치도,원주시,흥업면
20250415,4376601,세동,~,51,51130,5113037022,강원특별자치도,원주시,흥업면
20250415,4376611,무수막마을,~,51,51130,5113037022,강원특별자치도,원주시,흥업면
20250415,4376621,벌밤골,~,51,51130,5113037021,강원특별자치도,원주시,흥업면
20250415,4376631,두산위브아파트,~,51,51130,5113037021,강원특별자치도,원주시,흥업면
20250415,4376641,흥업지구대,~,51,51130,5113037021,강원특별자치도,원주시,흥업면
20250415,4376651,자감교.한라대입구,~,51,51130,5113037021,강원특별자치도,원주시,흥업면
20250415,4376661,자감교.한라대입구,~,51,51130,5113037021,강원특별자치도,원주시,흥업면
20250415,4376671,무실주공8차아파트,~,51,51130,5113011500,강원특별자치도,원주시,무실동
20250415,4376681,원주교도소,~,51,51130,5113011000,강원특별자치도,원주시,단계동
20250415,4376691,단계은행아파트,~,51,51130,5113011000,강원특별자치도,원주시,단계동
20250415,4376701,꿈드림새마을금고,~,51,51130,5113011000,강원특별자치도,원주시,단계동
20250415,4376711,우리병원,~,51,51130,5113011100,강원특별자치도,원주시,우산동
20250415,4376721,구억동,~,51,51130,5113038022,강원특별자치도,원주시,판부면
20250415,4376731,서곡초교,~,51,51130,5113038022,강원특별자치도,원주시,판부면
20250415,4376741,서평동,~,51,51130,5113038022,강원특별자치도,원주시,판부면
20250415,4376751,외동막,~,51,51130,5113038022,강원특별자치도,원주시,판부면
20250415,4376761,사격장입구,~,51,51130,5113038022,강원특별자치도,원주시,판부면
20250415,4376771,용수골,~,51,51130,5113038022,강원특별자치도,원주시,판부면
20250415,4376781,사격장입구,~,51,51130,5113038022,강원특별자치도,원주시,판부면
20250415,4376791,외동막,~,51,51130,5113038022,강원특별자치도,원주시,판부면
20250415,4376801,서평동,~,51,51130,5113038022,강원특별자치도,원주시,판부면
20250415,4376821,구억동,~,51,51130,5113038022,강원특별자치도,원주시,판부면
20250415,4376831,서곡삼거리,~,51,51130,5113038022,강원특별자치도,원주시,판부면
20250415,4376841,광격리입구,~,51,51130,5113032022,강원특별자치도,원주시,호저면
20250415,4376871,흥호1리,~,51,51130,5113035024,강원특별자치도,원주시,부론면
20250415,4376881,새말,~,51,51130,5113035024,강원특별자치도,원주시,부론면
20250415,4376891,새말,~,51,51130,5113035024,강원특별자치도,원주시,부론면
20250415,4376921,흥양2리,~,51,51130,5113031024,강원특별자치도,원주시,소초면
20250415,4376941,아래황골,~,51,51130,5113031024,강원특별자치도,원주시,소초면
20250415,4376971,경장동,~,51,51130,5113033021,강원특별자치도,원주시,지정면
20250415,4376981,후용용수,~,51,51130,5113025027,강원특별자치도,원주시,문막읍
20250415,4376991,후용용수,~,51,51130,5113025027,강원특별자치도,원주시,문막읍
20250415,4377001,후용2리,~,51,51130,5113025027,강원특별자치도,원주시,문막읍
20250415,4377011,후용2리,~,51,51130,5113025027,강원특별자치도,원주시,문막읍
20250415,4377021,후용1리,~,51,51130,5113025027,강원특별자치도,원주시,문막읍
20250415,4377031,후용1리,~,51,51130,5113025027,강원특별자치도,원주시,문막읍
20250415,4377051,신길촌,~,51,51130,5113037021,강원특별자치도,원주시,흥업면
20250415,4377061,회촌,~,51,51130,5113037022,강원특별자치도,원주시,흥업면
20250415,4377071,황산마을,~,51,51130,5113036024,강원특별자치도,원주시,귀래면
20250415,4377081,황산마을,~,51,51130,5113036024,강원특별자치도,원주시,귀래면
20250415,4377101,황골,~,51,51130,5113031024,강원특별자치도,원주시,소초면
20250415,4377121,황골삼거리,~,51,51130,5113031024,강원특별자치도,원주시,소초면
20250415,4377181,거울못공원,~,51,51130,5113033023,강원특별자치도,원주시,지정면
20250415,4377211,흥창정류장,~,51,51130,5113035024,강원특별자치도,원주시,부론면
20250415,4377221,흥창정류장,~,51,51130,5113035024,강원특별자치도,원주시,부론면
20250415,4377241,호저중학교,~,51,51130,5113032021,강원특별자치도,원주시,호저면
20250415,4377251,호저농협,~,51,51130,5113032021,강원특별자치도,원주시,호저면
20250415,4377261,호저농협,~,51,51130,5113032021,강원특별자치도,원주시,호저면
20250415,4377291,신성미소지움,~,51,51130,5113010700,강원특별자치도,원주시,단구동
20250415,4377331,한촌,~,51,51130,5113037022,강원특별자치도,원주시,흥업면
20250415,4377341,한촌,~,51,51130,5113037022,강원특별자치도,원주시,흥업면
20250415,4377361,한라대학교.교내,~,51,51130,5113037021,강원특별자치도,원주시,흥업면
20250415,4377381,학곡저수지앞,~,51,51130,5113031028,강원특별자치도,원주시,소초면
20250415,4377391,학곡보건소앞,~,51,51130,5113031028,강원특별자치도,원주시,소초면
20250415,4377401,변판서골,~,51,51130,5113038022,강원특별자치도,원주시,판부면
20250415,4377411,학곡보건소앞,~,51,51130,5113031028,강원특별자치도,원주시,소초면
20250415,4377431,중방,~,51,51130,5113032021,강원특별자치도,원주시,호저면
20250415,4377441,하부론,~,51,51130,5113035026,강원특별자치도,원주시,부론면
20250415,4377471,하나로마트,~,51,51130,5113011000,강원특별자치도,원주시,단계동
20250415,4377481,가스충전소,~,51,51130,5113033025,강원특별자치도,원주시,지정면
20250415,4377511,흥양교,~,51,51130,5113031024,강원특별자치도,원주시,소초면
20250415,4377521,힐데스하임,~,51,51130,5113011700,강원특별자치도,원주시,반곡동
20250415,4377531,푸른숨휴브레스,~,51,51130,5113011700,강원특별자치도,원주시,반곡동
20250415,4377541,포진2리,~,51,51130,5113025028,강원특별자치도,원주시,문막읍
20250415,4377571,토다이수,~,51,51130,5113025029,강원특별자치도,원주시,문막읍
20250415,4377601,포진,~,51,51130,5113025025,강원특별자치도,원주시,문막읍
20250415,4377611,평촌,~,51,51130,5113036022,강원특별자치도,원주시,귀래면
20250415,4377621,평촌,~,51,51130,5113036022,강원특별자치도,원주시,귀래면
20250415,4377651,호저낚시터,~,51,51130,5113032021,강원특별자치도,원주시,호저면
20250415,4377661,호저낚시터,~,51,51130,5113032021,강원특별자치도,원주시,호저면
20250415,4377671,철동골,~,51,51130,5113036022,강원특별자치도,원주시,귀래면
20250415,4377691,봉미마을,~,51,51130,5113037023,강원특별자치도,원주시,흥업면
20250415,4377701,봉미마을,~,51,51130,5113037023,강원특별자치도,원주시,흥업면
20250415,4377731,농산물도매시장후문,~,51,51130,5113011000,강원특별자치도,원주시,단계동
20250415,4377741,섭재마을회관,~,51,51130,5113011600,강원특별자치도,원주시,관설동
20250415,4377761,칠봉유원지,~,51,51130,5113032029,강원특별자치도,원주시,호저면
20250415,4377801,치악체육관,~,51,51130,5113010600,강원특별자치도,원주시,명륜동
20250415,4377811,구룡사제1주차장,~,51,51130,5113031028,강원특별자치도,원주시,소초면
20250415,4377831,국립공원사무소,~,51,51130,5113031028,강원특별자치도,원주시,소초면
20250415,4377841,국립공원사무소,~,51,51130,5113031028,강원특별자치도,원주시,소초면
20250415,4377851,청원휴게소,~,51,51130,5113036023,강원특별자치도,원주시,귀래면
20250415,4377861,청원휴게소,~,51,51130,5113036023,강원특별자치도,원주시,귀래면
20250415,4377871,청소년수련관,~,51,51130,5113011000,강원특별자치도,원주시,단계동
20250415,4377881,변판서골,~,51,51130,5113038022,강원특별자치도,원주시,판부면
20250415,4377911,천은사정류장,~,51,51130,5113036022,강원특별자치도,원주시,귀래면
20250415,4377921,천은사정류장,~,51,51130,5113036022,강원특별자치도,원주시,귀래면
20250415,4377931,차면리,~,51,51130,5113033025,강원특별자치도,원주시,지정면
20250415,4377941,차면리,~,51,51130,5113033025,강원특별자치도,원주시,지정면
20250415,4377961,유진건철,~,51,51130,5113035025,강원특별자치도,원주시,부론면
20250415,4377991,진골,~,51,51130,5113035025,강원특별자치도,원주시,부론면
20250415,4378001,진골,~,51,51130,5113035025,강원특별자치도,원주시,부론면
20250415,4378021,가스충전소,~,51,51130,5113033025,강원특별자치도,원주시,지정면
20250415,4378031,고여대,~,51,51130,5113033023,강원특별자치도,원주시,지정면
20250415,4378041,기업사거리,~,51,51130,5113033023,강원특별자치도,원주시,지정면
20250415,4378061,정골입구,~,51,51130,5113032026,강원특별자치도,원주시,호저면
20250415,4378071,지정초등학교,~,51,51130,5113033021,강원특별자치도,원주시,지정면
20250415,4378081,지정초등학교,~,51,51130,5113033021,강원특별자치도,원주시,지정면
20250415,4378091,지정면사무소,~,51,51130,5113033021,강원특별자치도,원주시,지정면
20250415,4378101,지정면사무소,~,51,51130,5113033021,강원특별자치도,원주시,지정면
20250415,4378131,지촌,~,51,51130,5113033023,강원특별자치도,원주시,지정면
20250415,4378151,중부마을,~,51,51130,5113032025,강원특별자치도,원주시,호저면
20250415,4378171,중방마을,~,51,51130,5113032021,강원특별자치도,원주시,호저면
20250415,4378181,중방마을,~,51,51130,5113032021,강원특별자치도,원주시,호저면
20250415,4378201,죽림사,~,51,51130,5113033026,강원특별자치도,원주시,지정면
20250415,4378231,치악예술관,~,51,51130,5113010600,강원특별자치도,원주시,명륜동
20250415,4378241,종합운동장,~,51,51130,5113010600,강원특별자치도,원주시,명륜동
20250415,4378261,정산교,~,51,51130,5113035023,강원특별자치도,원주시,부론면
20250415,4378291,원주성모병원,~,51,51130,5113031025,강원특별자치도,원주시,소초면
20250415,4378301,원주성모병원,~,51,51130,5113031024,강원특별자치도,원주시,소초면
20250415,4378351,솔미마을,~,51,51130,5113035023,강원특별자치도,원주시,부론면
20250415,4378391,번재삼거리,~,51,51130,5113011300,강원특별자치도,원주시,봉산동
20250415,4378401,지샘물,~,51,51130,5113025026,강원특별자치도,원주시,문막읍
20250415,4378411,유암마을,~,51,51130,5113011400,강원특별자치도,원주시,행구동
20250415,4378461,점실,~,51,51130,5113011800,강원특별자치도,원주시,가현동
20250415,4378481,잿말,~,51,51130,5113032023,강원특별자치도,원주시,호저면
20250415,4378521,장포,~,51,51130,5113032027,강원특별자치도,원주시,호저면
20250415,4378571,이지더원2차,~,51,51130,5113033023,강원특별자치도,원주시,지정면
20250415,4378611,요진보네르카운티,~,51,51130,5113011500,강원특별자치도,원주시,무실동
20250415,4378621,백간공원,~,51,51130,5113011000,강원특별자치도,원주시,단계동
20250415,4378631,원주소방서,~,51,51130,5113011700,강원특별자치도,원주시,반곡동
20250415,4378641,호텔인터불고,~,51,51130,5113011700,강원특별자치도,원주시,반곡동
20250415,4378651,이리실,~,51,51130,5113031026,강원특별자치도,원주시,소초면
20250415,4378661,이리실,~,51,51130,5113031026,강원특별자치도,원주시,소초면
20250415,4378671,유현마을,~,51,51130,5113036023,강원특별자치도,원주시,귀래면
20250415,4378681,유현마을앞,~,51,51130,5113036023,강원특별자치도,원주시,귀래면
20250415,4378721,윗섬배,~,51,51130,5113031021,강원특별자치도,원주시,소초면
20250415,4378761,송호사거리,~,51,51130,5113033026,강원특별자치도,원주시,지정면
20250415,4378771,원증거리,~,51,51130,5113031025,강원특별자치도,원주시,소초면
20250415,4378781,원증거리,~,51,51130,5113031025,강원특별자치도,원주시,소초면
20250415,4378791,대한적십자사,~,51,51130,5113011700,강원특별자치도,원주시,반곡동
20250415,4378801,한국도로교통공단,~,51,51130,5113011700,강원특별자치도,원주시,반곡동
20250415,4378811,아이파크후문,~,51,51130,5113011700,강원특별자치도,원주시,반곡동
20250415,4378821,공단관리사무소,~,51,51130,5113025029,강원특별자치도,원주시,문막읍
20250415,4378861,웃한치,~,51,51130,5113036021,강원특별자치도,원주시,귀래면
20250415,4378871,웃한치,~,51,51130,5113036021,강원특별자치도,원주시,귀래면
20250415,4378941,운계정류장,~,51,51130,5113036023,강원특별자치도,원주시,귀래면
20250415,4378961,용암말,~,51,51130,5113036021,강원특별자치도,원주시,귀래면
20250415,4378971,용암말,~,51,51130,5113036021,강원특별자치도,원주시,귀래면
20250415,4379011,용곡마을회관,~,51,51130,5113032028,강원특별자치도,원주시,호저면
20250415,4379021,용곡리마을회관,~,51,51130,5113032028,강원특별자치도,원주시,호저면
20250415,4379031,옥산,~,51,51130,5113032026,강원특별자치도,원주시,호저면
20250415,4379041,옥산,~,51,51130,5113032026,강원특별자치도,원주시,호저면
20250415,4379081,구봉대초교입구,~,51,51130,5113011400,강원특별자치도,원주시,행구동
20250415,4379091,오리현마을,~,51,51130,5113011400,강원특별자치도,원주시,행구동
20250415,4379181,연세대(시내방면),~,51,51130,5113037022,강원특별자치도,원주시,흥업면
20250415,4379191,연세대정문,~,51,51130,5113037022,강원특별자치도,원주시,흥업면
20250415,4379211,현대프라힐스,~,51,51130,5113011700,강원특별자치도,원주시,반곡동
20250415,4379221,지정초등학교,~,51,51130,5113033021,강원특별자치도,원주시,지정면
20250415,4379271,큰양안치고개,~,51,51130,5113036022,강원특별자치도,원주시,귀래면
20250415,4379301,귀래정류장,~,51,51130,5113036022,강원특별자치도,원주시,귀래면
20250415,4379311,문막양궁장입구,~,51,51130,5113025022,강원특별자치도,원주시,문막읍
20250415,4379321,문막양궁장입구,~,51,51130,5113025022,강원특별자치도,원주시,문막읍
20250415,4379331,현대프라힐스,~,51,51130,5113011700,강원특별자치도,원주시,반곡동
20250415,4379351,원주여자고등학교,~,51,51130,5113011700,강원특별자치도,원주시,반곡동
20250415,4379381,아래대동,~,51,51130,5113031026,강원특별자치도,원주시,소초면
20250415,4379401,지촌앞,~,51,51130,5113032026,강원특별자치도,원주시,호저면
20250415,4379411,지촌앞,~,51,51130,5113032026,강원특별자치도,원주시,호저면
20250415,4379451,유현느티나무,~,51,51130,5113036023,강원특별자치도,원주시,귀래면
20250415,4379471,풍년고개,~,51,51130,5113037021,강원특별자치도,원주시,흥업면
20250415,4379501,수암4리,~,51,51130,5113031021,강원특별자치도,원주시,소초면
20250415,4379511,수암4리,~,51,51130,5113031021,강원특별자치도,원주시,소초면
20250415,4379521,신성미소지움,~,51,51130,5113010700,강원특별자치도,원주시,단구동
20250415,4379541,동부교사거리,~,51,51130,5113010700,강원특별자치도,원주시,단구동
20250415,4379551,신림삼거리,~,51,51130,5113039021,강원특별자치도,원주시,신림면
20250415,4379571,식송,~,51,51130,5113031025,강원특별자치도,원주시,소초면
20250415,4379591,포진2리,~,51,51130,5113025028,강원특별자치도,원주시,문막읍
20250415,4379601,한국관광공사,~,51,51130,5113011700,강원특별자치도,원주시,반곡동
20250415,4379611,한국관광공사,~,51,51130,5113011700,강원특별자치도,원주시,반곡동
20250415,4379621,대동마을,~,51,51130,5113036023,강원특별자치도,원주시,귀래면
20250415,4379631,승안,~,51,51130,5113037024,강원특별자치도,원주시,흥업면
20250415,4379671,가곡2리,~,51,51130,5113033023,강원특별자치도,원주시,지정면
20250415,4379681,술산리,~,51,51130,5113037024,강원특별자치도,원주시,흥업면
20250415,4379721,수철마을,~,51,51130,5113031028,강원특별자치도,원주시,소초면
20250415,4379741,남산교,~,51,51130,5113025022,강원특별자치도,원주시,문막읍
20250415,4379751,남산교,~,51,51130,5113025022,강원특별자치도,원주시,문막읍
20250415,4379821,송골앞,~,51,51130,5113032022,강원특별자치도,원주시,호저면
20250415,4379831,송골,~,51,51130,5113032022,강원특별자치도,원주시,호저면
20250415,4379861,롯데캐슬골드파크2차,~,51,51130,5113033023,강원특별자치도,원주시,지정면
20250415,4379871,이지더원,~,51,51130,5113033023,강원특별자치도,원주시,지정면
20250415,4379881,버덩말,~,51,51130,5113035021,강원특별자치도,원주시,부론면
20250415,4379911,본동앞,~,51,51130,5113031021,강원특별자치도,원주시,소초면
20250415,4379921,본동,~,51,51130,5113031021,강원특별자치도,원주시,소초면
20250415,4379971,반곡아이파크후문,~,51,51130,5113011700,강원특별자치도,원주시,반곡동
20250415,4379981,문막시장,~,51,51130,5113025021,강원특별자치도,원주시,문막읍
20250415,4379991,골무네기경로당,~,51,51130,5113025029,강원특별자치도,원주시,문막읍
20250415,4380001,원주여자고등학교,~,51,51130,5113011700,강원특별자치도,원주시,반곡동
20250415,4380011,석경사입구,~,51,51130,5113011400,강원특별자치도,원주시,행구동
20250415,4380021,대둔마을회관,~,51,51130,5113025030,강원특별자치도,원주시,문막읍
20250415,4380031,바램이,~,51,51130,5113025025,강원특별자치도,원주시,문막읍
20250415,4380041,마을회관앞,~,51,51130,5113032030,강원특별자치도,원주시,호저면
20250415,4380051,마을회관앞,~,51,51130,5113032030,강원특별자치도,원주시,호저면
20250415,4380081,생담,~,51,51130,5113032027,강원특별자치도,원주시,호저면
20250415,4380091,생담,~,51,51130,5113032027,강원특별자치도,원주시,호저면
20250415,4380101,송이골앞,~,51,51130,5113032024,강원특별자치도,원주시,호저면
20250415,4380111,동막종점,~,51,51130,5113032024,강원특별자치도,원주시,호저면
20250415,4380151,새섬배,~,51,51130,5113031021,강원특별자치도,원주시,소초면
20250415,4380171,매호마을,~,51,51130,5113032030,강원특별자치도,원주시,호저면
20250415,4380191,새말,~,51,51130,5113035022,강원특별자치도,원주시,부론면
20250415,4380201,상촌,~,51,51130,5113031023,강원특별자치도,원주시,소초면
20250415,4380241,느티나무정류장,~,51,51130,5113011400,강원특별자치도,원주시,행구동
20250415,4380251,인성메디컬,~,51,51130,5113033025,강원특별자치도,원주시,지정면
20250415,4380281,삼성동,~,51,51130,5113037023,강원특별자치도,원주시,흥업면
20250415,4380341,안골,~,51,51130,5113032029,강원특별자치도,원주시,호저면
20250415,4380451,사제보건소,~,51,51130,5113037023,강원특별자치도,원주시,흥업면
20250415,4380501,하남마을,~,51,51130,5113036025,강원특별자치도,원주시,귀래면
20250415,4380541,서들,~,51,51130,5113025025,강원특별자치도,원주시,문막읍
20250415,4380551,서들,~,51,51130,5113025025,강원특별자치도,원주시,문막읍
20250415,4380571,비두2리,~,51,51130,5113025023,강원특별자치도,원주시,문막읍
20250415,4380581,비두1리,~,51,51130,5113025023,강원특별자치도,원주시,문막읍
20250415,4380631,평촌동,~,51,51130,5113032021,강원특별자치도,원주시,호저면
20250415,4380641,부채고개,~,51,51130,5113031021,강원특별자치도,원주시,소초면
20250415,4380671,부론면사무소,~,51,51130,5113035021,강원특별자치도,원주시,부론면
20250415,4380711,비두냄이,~,51,51130,5113025023,강원특별자치도,원주시,문막읍
20250415,4380731,문막,~,51,51130,5113025026,강원특별자치도,원주시,문막읍
20250415,4380741,복거부락앞,~,51,51130,5113037021,강원특별자치도,원주시,흥업면
20250415,4380751,복거부락,~,51,51130,5113037021,강원특별자치도,원주시,흥업면
20250415,4380851,벌말,~,51,51130,5113035022,강원특별자치도,원주시,부론면
20250415,4380921,미래삼거리.센트럴파크6단지,~,51,51130,5113011700,강원특별자치도,원주시,반곡동
20250415,4380931,미래삼거리.센트럴파크6단지,~,51,51130,5113011700,강원특별자치도,원주시,반곡동
20250415,4380941,백운령,~,51,51130,5113036022,강원특별자치도,원주시,귀래면
20250415,4380951,백운령,~,51,51130,5113036022,강원특별자치도,원주시,귀래면
20250415,4381001,백교,~,51,51130,5113031028,강원특별자치도,원주시,소초면
20250415,4381011,백교,~,51,51130,5113031028,강원특별자치도,원주시,소초면
20250415,4381021,이동부락,~,51,51130,5113036021,강원특별자치도,원주시,귀래면
20250415,4381041,AK플라자,~,51,51130,5113011000,강원특별자치도,원주시,단계동
20250415,4381051,백간공원,~,51,51130,5113011000,강원특별자치도,원주시,단계동
20250415,4381071,반도유보라2단지,~,51,51130,5113033023,강원특별자치도,원주시,지정면
20250415,4381091,문막공업단지,~,51,51130,5113025024,강원특별자치도,원주시,문막읍
20250415,4381111,KBS송신소,~,51,51130,5113011200,강원특별자치도,원주시,태장동
20250415,4381121,선비마을회차지,~,51,51130,5113025025,강원특별자치도,원주시,문막읍
20250415,4381131,방아실,~,51,51130,5113036022,강원특별자치도,원주시,귀래면
20250415,4381141,밤나무정.중장비시험장,~,51,51130,5113031026,강원특별자치도,원주시,소초면
20250415,4381161,반곡중학교,~,51,51130,5113011700,강원특별자치도,원주시,반곡동
20250415,4381171,반곡중학교,~,51,51130,5113011700,강원특별자치도,원주시,반곡동
20250415,4381181,한국광해광업공단,~,51,51130,5113011700,강원특별자치도,원주시,반곡동
20250415,4381191,한국광해광업공단,~,51,51130,5113011700,강원특별자치도,원주시,반곡동
20250415,4381201,유만동,~,51,51130,5113011700,강원특별자치도,원주시,반곡동
20250415,4381211,유만동,~,51,51130,5113011700,강원특별자치도,원주시,반곡동
20250415,4381221,원주보훈요양원,~,51,51130,5113011700,강원특별자치도,원주시,반곡동
20250415,4381231,원주보훈요양원,~,51,51130,5113011700,강원특별자치도,원주시,반곡동
20250415,4381251,장포,~,51,51130,5113032027,강원특별자치도,원주시,호저면
20250415,4381261,초가삼간,~,51,51130,5113033023,강원특별자치도,원주시,지정면
20250415,4381291,문화마을,~,51,51130,5113032021,강원특별자치도,원주시,호저면
20250415,4381301,문화마을,~,51,51130,5113032021,강원특별자치도,원주시,호저면
20250415,4381321,문막2리,~,51,51130,5113025021,강원특별자치도,원주시,문막읍
20250415,4381341,문막소방서,~,51,51130,5113025021,강원특별자치도,원주시,문막읍
20250415,4381351,문막동보렉스아파트,~,51,51130,5113025022,강원특별자치도,원주시,문막읍
20250415,4381371,주산1리,~,51,51130,5113032021,강원특별자치도,원주시,호저면
20250415,4381391,모산,~,51,51130,5113035025,강원특별자치도,원주시,부론면
20250415,4381401,모산,~,51,51130,5113035025,강원특별자치도,원주시,부론면
20250415,4381421,명성레미콘,~,51,51130,5113031024,강원특별자치도,원주시,소초면
20250415,4381451,미촌,~,51,51130,5113037022,강원특별자치도,원주시,흥업면
20250415,4381461,매지리,~,51,51130,5113037022,강원특별자치도,원주시,흥업면
20250415,4381481,매지휴게소,~,51,51130,5113037022,강원특별자치도,원주시,흥업면
20250415,4381511,문화마을,~,51,51130,5113033025,강원특별자치도,원주시,지정면
20250415,4381521,만종가구단지,~,51,51130,5113032025,강원특별자치도,원주시,호저면
20250415,4381531,만낭포,~,51,51130,5113025022,강원특별자치도,원주시,문막읍
20250415,4381541,치악산드림랜드,~,51,51130,5113031028,강원특별자치도,원주시,소초면
20250415,4381581,동막정류장,~,51,51130,5113036022,강원특별자치도,원주시,귀래면
20250415,4381601,덕현길입구,~,51,51130,5113011400,강원특별자치도,원주시,행구동
20250415,4381611,태봉2교,~,51,51130,5113011200,강원특별자치도,원주시,태장동
20250415,4381621,돌모루,~,51,51130,5113031024,강원특별자치도,원주시,소초면
20250415,4381631,돌모루,~,51,51130,5113031024,강원특별자치도,원주시,소초면
20250415,4381641,독점,~,51,51130,5113031026,강원특별자치도,원주시,소초면
20250415,4381651,독점,~,51,51130,5113031026,강원특별자치도,원주시,소초면
20250415,4381661,관천교,~,51,51130,5113025026,강원특별자치도,원주시,문막읍
20250415,4381681,신림중학교,~,51,51130,5113039021,강원특별자치도,원주시,신림면
20250415,4381701,신촌,~,51,51130,5113037024,강원특별자치도,원주시,흥업면
20250415,4381711,대안리,~,51,51130,5113037024,강원특별자치도,원주시,흥업면
20250415,4381731,효다함요양원,~,51,51130,5113031027,강원특별자치도,원주시,소초면
20250415,4381741,충효공원,~,51,51130,5113025025,강원특별자치도,원주시,문막읍
20250415,4381801,대덕리입구,~,51,51130,5113032026,강원특별자치도,원주시,호저면
20250415,4381811,대덕리입구,~,51,51130,5113032026,강원특별자치도,원주시,호저면
20250415,4381821,대덕1리,~,51,51130,5113032023,강원특별자치도,원주시,호저면
20250415,4381861,흥업면행정복지센터,~,51,51130,5113037021,강원특별자치도,원주시,흥업면
20250415,4381871,엠제이푸드,~,51,51130,5113025022,강원특별자치도,원주시,문막읍
20250415,4381901,가곡,~,51,51130,5113033023,강원특별자치도,원주시,지정면
20250415,4381911,단구은행아파트,~,51,51130,5113010600,강원특별자치도,원주시,명륜동
20250415,4381921,단구은행아파트,~,51,51130,5113010600,강원특별자치도,원주시,명륜동
20250415,4381961,단계아파트,~,51,51130,5113011000,강원특별자치도,원주시,단계동
20250415,4381971,단계아파트,~,51,51130,5113011000,강원특별자치도,원주시,단계동
20250415,4381981,청솔골,~,51,51130,5113011400,강원특별자치도,원주시,행구동
20250415,4382001,덕현길입구,~,51,51130,5113011400,강원특별자치도,원주시,행구동
20250415,4382011,다리목,~,51,51130,5113031026,강원특별자치도,원주시,소초면
20250415,4382021,다리목,~,51,51130,5113031026,강원특별자치도,원주시,소초면
20250415,4382041,능유마을,~,51,51130,5113036024,강원특별자치도,원주시,귀래면
20250415,4382081,아래황골,~,51,51130,5113031024,강원특별자치도,원주시,소초면
20250415,4382091,동부교사거리,~,51,51130,5113010700,강원특별자치도,원주시,단구동
20250415,4382101,노숲,~,51,51130,5113035025,강원특별자치도,원주시,부론면
20250415,4382111,노숲,~,51,51130,5113035025,강원특별자치도,원주시,부론면
20250415,4382161,서곡삼거리앞,~,51,51130,5113038022,강원특별자치도,원주시,판부면
20250415,4382171,서곡삼거리앞,~,51,51130,5113038022,강원특별자치도,원주시,판부면
20250415,4382191,귀래면사무소,~,51,51130,5113036021,강원특별자치도,원주시,귀래면
20250415,4382201,귀래면사무소,~,51,51130,5113036021,강원특별자치도,원주시,귀래면
20250415,4382211,궁촌1리,~,51,51130,5113025025,강원특별자치도,원주시,문막읍
20250415,4382221,궁촌1리정류장,~,51,51130,5113025025,강원특별자치도,원주시,문막읍
20250415,4382231,하차면,~,51,51130,5113033025,강원특별자치도,원주시,지정면
20250415,4382241,하차면,~,51,51130,5113033025,강원특별자치도,원주시,지정면
20250415,4382301,오성마을,~,51,51130,5113038022,강원특별자치도,원주시,판부면
20250415,4382311,구룡사,~,51,51130,5113031028,강원특별자치도,원주시,소초면
20250415,4382331,국과수사거리,~,51,51130,5113011700,강원특별자치도,원주시,반곡동
20250415,4382341,국과수사거리,~,51,51130,5113011700,강원특별자치도,원주시,반곡동
20250415,4382351,광터사거리,~,51,51130,5113037023,강원특별자치도,원주시,흥업면
20250415,4382411,골말,~,51,51130,5113031021,강원특별자치도,원주시,소초면
20250415,4382421,골말,~,51,51130,5113031021,강원특별자치도,원주시,소초면
20250415,4382471,고산초교,~,51,51130,5113032022,강원특별자치도,원주시,호저면
20250415,4382491,행구현대아파트,~,51,51130,5113011400,강원특별자치도,원주시,행구동
20250415,4382541,고여대,~,51,51130,5113032027,강원특별자치도,원주시,호저면
20250415,4382561,고여대앞,~,51,51130,5113032027,강원특별자치도,원주시,호저면
20250415,4382571,경동대학교,~,51,51130,5113025027,강원특별자치도,원주시,문막읍
20250415,4382581,경동대학교,~,51,51130,5113025027,강원특별자치도,원주시,문막읍
20250415,4382601,충효공원,~,51,51130,5113025025,강원특별자치도,원주시,문막읍
20250415,4382631,거장아파트,~,51,51130,5113037023,강원특별자치도,원주시,흥업면
20250415,4382641,거름터,~,51,51130,5113011400,강원특별자치도,원주시,행구동
20250415,4382661,개전동,~,51,51130,5113032022,강원특별자치도,원주시,호저면
20250415,4382681,개나루,~,51,51130,5113025028,강원특별자치도,원주시,문막읍
20250415,4382691,개나루,~,51,51130,5113025028,강원특별자치도,원주시,문막읍
20250415,4382741,작동마을,~,51,51130,5113033021,강원특별자치도,원주시,지정면
20250415,4382751,작동마을,~,51,51130,5113033021,강원특별자치도,원주시,지정면
20250415,4382781,가현종점,~,51,51130,5113011800,강원특별자치도,원주시,가현동
20250415,4382801,주산1리,~,51,51130,5113032021,강원특별자치도,원주시,호저면
20250415,4382811,노림가루개정류장,~,51,51130,5113035024,강원특별자치도,원주시,부론면
20250415,4382871,우미린아파트,~,51,51130,5113011500,강원특별자치도,원주시,무실동
20250415,4382901,회촌,~,51,51130,5113031025,강원특별자치도,원주시,소초면
20250415,4382911,MBC송신탑,~,51,51130,5113031024,강원특별자치도,원주시,소초면
20250415,4382921,반도유보라1단지,~,51,51130,5113033023,강원특별자치도,원주시,지정면
20250415,4382931,롯데캐슬골드파크,~,51,51130,5113033023,강원특별자치도,원주시,지정면
20250415,4382941,한라대학교정문,~,51,51130,5113037021,강원특별자치도,원주시,흥업면
20250415,4382971,봉대초등학교,~,51,51130,5113011700,강원특별자치도,원주시,반곡동
20250415,4382981,봉대초등학교,~,51,51130,5113011700,강원특별자치도,원주시,반곡동
20250415,4382991,푸른숨LH10단지,~,51,51130,5113011700,강원특별자치도,원주시,반곡동
20250415,4383001,원주여고,~,51,51130,5113011700,강원특별자치도,원주시,반곡동
20250415,4383011,원주여고,~,51,51130,5113011700,강원특별자치도,원주시,반곡동
20250415,4383021,푸른숨LH9단지,~,51,51130,5113011700,강원특별자치도,원주시,반곡동
20250415,4383051,건강보험심사평가원,~,51,51130,5113011700,강원특별자치도,원주시,반곡동
20250415,4383061,한국도로교통공단,~,51,51130,5113011700,강원특별자치도,원주시,반곡동
20250415,4383071,미리내사거리,~,51,51130,5113011700,강원특별자치도,원주시,반곡동
20250415,4383081,미리내사거리,~,51,51130,5113011700,강원특별자치도,원주시,반곡동
20250415,4383091,영서방송,~,51,51130,5113011700,강원특별자치도,원주시,반곡동
20250415,4383101,영서방송,~,51,51130,5113011700,강원특별자치도,원주시,반곡동
20250415,4383111,반곡관설동주민센터,~,51,51130,5113011700,강원특별자치도,원주시,반곡동
20250415,4383121,국립과학수사연구원,~,51,51130,5113011700,강원특별자치도,원주시,반곡동
20250415,4383131,태장현대아파트정문,~,51,51130,5113011200,강원특별자치도,원주시,태장동
20250415,4383141,학곡저수지,~,51,51130,5113031028,강원특별자치도,원주시,소초면
20250415,4383161,귀래3리,~,51,51130,5113036022,강원특별자치도,원주시,귀래면
20250415,4383201,탑상골,~,51,51130,5113036022,강원특별자치도,원주시,귀래면
20250415,4383231,웃골,~,51,51130,5113036023,강원특별자치도,원주시,귀래면
20250415,4383241,웃골,~,51,51130,5113036023,강원특별자치도,원주시,귀래면
20250415,4383261,유현,~,51,51130,5113036023,강원특별자치도,원주시,귀래면
20250415,4383301,봉두개울,~,51,51130,5113025023,강원특별자치도,원주시,문막읍
20250415,4383361,서작,~,51,51130,5113035023,강원특별자치도,원주시,부론면
20250415,4383401,버덩,~,51,51130,5113036022,강원특별자치도,원주시,귀래면
20250415,4383431,선비마을경로당,~,51,51130,5113025025,강원특별자치도,원주시,문막읍
20250415,4383501,능촌,~,51,51130,5113033022,강원특별자치도,원주시,지정면
20250415,4383521,위병봉기기념탑,~,51,51130,5113033022,강원특별자치도,원주시,지정면
20250415,4383601,달랑고개,~,51,51130,5113033024,강원특별자치도,원주시,지정면
20250415,4383681,영랑,~,51,51130,5113011400,강원특별자치도,원주시,행구동
20250415,4383701,영서고,~,51,51130,5113011600,강원특별자치도,원주시,관설동
20250415,4383711,금창리경로당,~,51,51130,5113039022,강원특별자치도,원주시,신림면
20250415,4383731,레일파크,~,51,51130,5113033021,강원특별자치도,원주시,지정면
20250415,4383741,레일파크,~,51,51130,5113033021,강원특별자치도,원주시,지정면
20250415,4383751,오성마을,~,51,51130,5113010700,강원특별자치도,원주시,단구동
20250415,4383761,원주여고,~,51,51130,5113011700,강원특별자치도,원주시,반곡동
20250415,4383781,광명식물원,~,51,51130,5113032025,강원특별자치도,원주시,호저면
20250415,4383791,솔샘초등학교,~,51,51130,5113011500,강원특별자치도,원주시,무실동
20250415,4383801,솔샘초등학교,~,51,51130,5113011500,강원특별자치도,원주시,무실동
20250415,4383811,국민건강보험공단,~,51,51130,5113011700,강원특별자치도,원주시,반곡동
20250415,4383821,코아루시티,~,51,51130,5113011700,강원특별자치도,원주시,반곡동
20250415,4383831,원주양궁장,~,51,51130,5113025022,강원특별자치도,원주시,문막읍
20250415,4383841,문막중고등학교,~,51,51130,5113025021,강원특별자치도,원주시,문막읍
20250415,4383851,코아루시티,~,51,51130,5113011700,강원특별자치도,원주시,반곡동
20250415,4383861,국민건강보험공단,~,51,51130,5113011700,강원특별자치도,원주시,반곡동
20250415,4383871,뜨란채,~,51,51130,5113011500,강원특별자치도,원주시,무실동
20250415,4383881,시무리,~,51,51130,5113025028,강원특별자치도,원주시,문막읍
20250415,4383891,시무리,~,51,51130,5113025028,강원특별자치도,원주시,문막읍
20250415,4383901,문막시장,~,51,51130,5113025021,강원특별자치도,원주시,문막읍
20250415,4383911,보통리,~,51,51130,5113033027,강원특별자치도,원주시,지정면
20250415,4383921,보통리,~,51,51130,5113033027,강원특별자치도,원주시,지정면
20250415,4383931,반도유보라마크브릿지,~,51,51130,5113011600,강원특별자치도,원주시,관설동
20250415,4383981,내동막,~,51,51130,5113038022,강원특별자치도,원주시,판부면
20250415,4384011,노숲마을,~,51,51130,5113035025,강원특별자치도,원주시,부론면
20250415,4384031,양삿,~,51,51130,5113035021,강원특별자치도,원주시,부론면
20250415,4384101,귀래3리,~,51,51130,5113036022,강원특별자치도,원주시,귀래면
20250415,4384111,현촌,~,51,51130,5113031021,강원특별자치도,원주시,소초면
20250415,4384121,기업도시로,~,51,51130,5113033023,강원특별자치도,원주시,지정면
20250415,4384281,거장아파트,~,51,51130,5113037023,강원특별자치도,원주시,흥업면
20250415,4384311,무장2리,~,51,51130,5113032027,강원특별자치도,원주시,호저면
20250415,4384341,흥원창,~,51,51130,5113035024,강원특별자치도,원주시,부론면
20250415,4384371,서작마을,~,51,51130,5113035023,강원특별자치도,원주시,부론면
20250415,4384431,상무곡,~,51,51130,5113033025,강원특별자치도,원주시,지정면
20250415,4384441,상무곡,~,51,51130,5113033025,강원특별자치도,원주시,지정면
20250415,4384491,안말,~,51,51130,5113035021,강원특별자치도,원주시,부론면
20250415,4384521,노림초등학교,~,51,51130,5113035025,강원특별자치도,원주시,부론면
20250415,4384531,부론,~,51,51130,5113035021,강원특별자치도,원주시,부론면
20250415,4384551,장뜰교,~,51,51130,5113035021,강원특별자치도,원주시,부론면
20250415,4384631,손곡2리,~,51,51130,5113035022,강원특별자치도,원주시,부론면
20250415,4384691,음지말,~,51,51130,5113035023,강원특별자치도,원주시,부론면
20250415,4384731,거돈사지,~,51,51130,5113035023,강원특별자치도,원주시,부론면
20250415,4384771,음지말,~,51,51130,5113035023,강원특별자치도,원주시,부론면
20250415,4384911,가현교,~,51,51130,5113011800,강원특별자치도,원주시,가현동
20250415,4384931,가현교,~,51,51130,5113011800,강원특별자치도,원주시,가현동
20250415,4384981,개전동정류장,~,51,51130,5113032022,강원특별자치도,원주시,호저면
20250415,4385011,배울마을,~,51,51130,5113011400,강원특별자치도,원주시,행구동
20250415,4385111,행구현대아파트,~,51,51130,5113011400,강원특별자치도,원주시,행구동
20250415,4385121,양지마을,~,51,51130,5113031027,강원특별자치도,원주시,소초면
20250415,4385211,수암2리,~,51,51130,5113031025,강원특별자치도,원주시,소초면
20250415,4385221,천왕사,~,51,51130,5113031026,강원특별자치도,원주시,소초면
20250415,4385231,사전동마을,~,51,51130,5113031026,강원특별자치도,원주시,소초면
20250415,4385241,원고개,~,51,51130,5113031026,강원특별자치도,원주시,소초면
20250415,4385251,사전동마을,~,51,51130,5113031026,강원특별자치도,원주시,소초면
20250415,4385261,현촌,~,51,51130,5113031021,강원특별자치도,원주시,소초면
20250415,4385271,수암2리,~,51,51130,5113031025,강원특별자치도,원주시,소초면
20250415,4385281,이편한세상,~,51,51130,5113011200,강원특별자치도,원주시,태장동
20250415,4385301,배울마을,~,51,51130,5113011400,강원특별자치도,원주시,행구동
20250415,4385311,메가박스,~,51,51130,5113011700,강원특별자치도,원주시,반곡동
20250415,4385321,의료기기종합지원센터,~,51,51130,5113033023,강원특별자치도,원주시,지정면
20250415,4385331,누가베스트,~,51,51130,5113033023,강원특별자치도,원주시,지정면
20250415,4385341,기업도시로,~,51,51130,5113033023,강원특별자치도,원주시,지정면
20250415,4385391,오얏골,~,51,51130,5113033021,강원특별자치도,원주시,지정면
20250415,4385421,정산교,~,51,51130,5113035023,강원특별자치도,원주시,부론면
20250415,4385451,한울타리,~,51,51130,5113033022,강원특별자치도,원주시,지정면
20250415,4385491,장지동,~,51,51130,5113033024,강원특별자치도,원주시,지정면
20250415,4385501,한울타리,~,51,51130,5113033022,강원특별자치도,원주시,지정면
20250415,4385531,로아노크사거리,~,51,51130,5113011500,강원특별자치도,원주시,무실동
20250415,4385561,부영아파트사거리,~,51,51130,5113011500,강원특별자치도,원주시,무실동
20250415,4385571,미리내도서관,~,51,51130,5113011700,강원특별자치도,원주시,반곡동
20250415,4385581,원주경찰서,~,51,51130,5113011300,강원특별자치도,원주시,봉산동
20250415,4385591,송문사거리,~,51,51130,5113031024,강원특별자치도,원주시,소초면
20250415,4385601,흥양삼거리,~,51,51130,5113031024,강원특별자치도,원주시,소초면
20250415,4385611,미리내도서관,~,51,51130,5113011700,강원특별자치도,원주시,반곡동
20250415,4385631,신림삼거리,~,51,51130,5113039021,강원특별자치도,원주시,신림면
20250415,4385661,송문안,~,51,51130,5113031024,강원특별자치도,원주시,소초면
20250415,4385681,신림삼거리,~,51,51130,5113039021,강원특별자치도,원주시,신림면
20250415,4385721,신목정,~,51,51130,5113039026,강원특별자치도,원주시,신림면
20250415,4385751,신목정,~,51,51130,5113039026,강원특별자치도,원주시,신림면
20250415,4385781,성남1리,~,51,51130,5113039025,강원특별자치도,원주시,신림면
20250415,4385791,언당,~,51,51130,5113039021,강원특별자치도,원주시,신림면
20250415,4385801,무실행정복지센터,~,51,51130,5113011500,강원특별자치도,원주시,무실동
20250415,4385811,무실신협,~,51,51130,5113011500,강원특별자치도,원주시,무실동
20250415,4385821,약수터,~,51,51130,5113036023,강원특별자치도,원주시,귀래면
20250415,4385831,귀래3리,~,51,51130,5113036022,강원특별자치도,원주시,귀래면
20250415,4385841,매지리,~,51,51130,5113037022,강원특별자치도,원주시,흥업면
20250415,4385961,건너서평,~,51,51130,5113038022,강원특별자치도,원주시,판부면
20250415,4385971,용수골,~,51,51130,5113038022,강원특별자치도,원주시,판부면
20250415,4385981,용수골,~,51,51130,5113038022,강원특별자치도,원주시,판부면
20250415,4386011,백운전원마을,~,51,51130,5113038022,강원특별자치도,원주시,판부면
20250415,4386181,간현관광지앞,~,51,51130,5113033021,강원특별자치도,원주시,지정면
20250415,4386201,푸른숨LH9단지,~,51,51130,5113011700,강원특별자치도,원주시,반곡동
20250415,4386331,용수골,~,51,51130,5113038022,강원특별자치도,원주시,판부면
20250415,4386341,백운전원마을,~,51,51130,5113038022,강원특별자치도,원주시,판부면
20250415,4386351,사제리,~,51,51130,5113037023,강원특별자치도,원주시,흥업면
20250415,4386381,해삼터,~,51,51130,5113037024,강원특별자치도,원주시,흥업면
20250415,4386411,대안저수지,~,51,51130,5113037024,강원특별자치도,원주시,흥업면
20250415,4386451,해삼터,~,51,51130,5113037024,강원특별자치도,원주시,흥업면
20250415,4386531,경동대학교,~,51,51130,5113025027,강원특별자치도,원주시,문막읍
20250415,4386551,경동대(교내),~,51,51130,5113025027,강원특별자치도,원주시,문막읍
20250415,4386571,수청마을,~,51,51130,5113033022,강원특별자치도,원주시,지정면
20250415,4386611,가곡1리,~,51,51130,5113033023,강원특별자치도,원주시,지정면
20250415,4386641,송호마을,~,51,51130,5113033026,강원특별자치도,원주시,지정면
20250415,4386711,월송3리종점,~,51,51130,5113033026,강원특별자치도,원주시,지정면
20250415,4386721,삼우연립,~,51,51130,5113010700,강원특별자치도,원주시,단구동
20250415,4386761,삼우연립,~,51,51130,5113010700,강원특별자치도,원주시,단구동
20250415,4386771,늘품사거리,~,51,51130,5113010700,강원특별자치도,원주시,단구동
20250415,4386881,메가박스,~,51,51130,5113011700,강원특별자치도,원주시,반곡동
20250415,4386891,부영8단지,~,51,51130,5113011700,강원특별자치도,원주시,반곡동
20250415,4386901,원주여자고등학교,~,51,51130,5113011700,강원특별자치도,원주시,반곡동
20250415,4386911,부영1단지,~,51,51130,5113011700,강원특별자치도,원주시,반곡동
20250415,4386921,부영1단지,~,51,51130,5113011700,강원특별자치도,원주시,반곡동
20250415,4386961,KTX만종역,~,51,51130,5113032025,강원특별자치도,원주시,호저면
20250415,4386991,문막,~,51,51130,5113025026,강원특별자치도,원주시,문막읍
20250415,4387101,신한아파트,~,51,51130,5113025026,강원특별자치도,원주시,문막읍
20250415,4387161,문막읍행정복지센터,~,51,51130,5113025026,강원특별자치도,원주시,문막읍
20250415,4387341,네오플램,~,51,51130,5113033025,강원특별자치도,원주시,지정면
20250415,4387351,네오플램,~,51,51130,5113033025,강원특별자치도,원주시,지정면
20250415,4387361,진양제약,~,51,51130,5113033025,강원특별자치도,원주시,지정면
20250415,4387371,굴다리,~,51,51130,5113033025,강원특별자치도,원주시,지정면
20250415,4387381,아시모리코리아,~,51,51130,5113033025,강원특별자치도,원주시,지정면
20250415,4387391,인성메디컬,~,51,51130,5113033023,강원특별자치도,원주시,지정면
20250415,4387401,기업사거리,~,51,51130,5113033023,강원특별자치도,원주시,지정면
20250415,4387411,거울못공원,~,51,51130,5113033023,강원특별자치도,원주시,지정면
20250415,4387421,롯데캐슬,~,51,51130,5113033023,강원특별자치도,원주시,지정면
20250415,4387431,거울못공원,~,51,51130,5113033023,강원특별자치도,원주시,지정면
20250415,4387441,마가렛보호작업장,~,51,51130,5113011700,강원특별자치도,원주시,반곡동
20250415,4387451,마가렛보호작업장,~,51,51130,5113011700,강원특별자치도,원주시,반곡동
20250415,4387461,반곡아이파크,~,51,51130,5113011700,강원특별자치도,원주시,반곡동
20250415,4387471,반곡아이파크,~,51,51130,5113011700,강원특별자치도,원주시,반곡동
20250415,4387481,통일사거리,~,51,51130,5113010700,강원특별자치도,원주시,단구동
20250415,4387491,통일사거리,~,51,51130,5113010700,강원특별자치도,원주시,단구동
20250415,4387501,늘품사거리,~,51,51130,5113010700,강원특별자치도,원주시,단구동
20250415,4387521,이운리,~,51,51130,5113033022,강원특별자치도,원주시,지정면
20250415,4387531,장양삼거리,~,51,51130,5113031023,강원특별자치도,원주시,소초면
20250415,4387611,간현고개,~,51,51130,5113033021,강원특별자치도,원주시,지정면
20250415,4387631,장지골,~,51,51130,5113033022,강원특별자치도,원주시,지정면
20250415,4387651,사기막,~,51,51130,5113033024,강원특별자치도,원주시,지정면
20250415,4387661,세인트파크,~,51,51130,5113011200,강원특별자치도,원주시,태장동
20250415,4387691,중흥2단지,~,51,51130,5113011700,강원특별자치도,원주시,반곡동
20250415,4387701,원주축협,~,51,51130,5113010900,강원특별자치도,원주시,학성동
20250415,4387711,원주축협,~,51,51130,5113010900,강원특별자치도,원주시,학성동
20250415,4387741,원주경찰서,~,51,51130,5113011300,강원특별자치도,원주시,봉산동
20250415,4387751,롯데캐슬2차,~,51,51130,5113033023,강원특별자치도,원주시,지정면
20250415,4387761,롯데캐슬2차,~,51,51130,5113033023,강원특별자치도,원주시,지정면
20250415,4387821,치악산관리사무소후문,~,51,51130,5113031028,강원특별자치도,원주시,소초면
20250415,4387831,구룡자동차야영장,~,51,51130,5113031028,강원특별자치도,원주시,소초면
20250415,4387861,라온프라이빗,~,51,51130,5113033023,강원특별자치도,원주시,지정면
20250415,4387871,호반베르디움,~,51,51130,5113033023,강원특별자치도,원주시,지정면
20250415,4387911,만종1교,~,51,51130,5113032025,강원특별자치도,원주시,호저면
20250415,4387931,삼보골마을회관,~,51,51130,5113011700,강원특별자치도,원주시,반곡동
20250415,4387981,뉴스테이아파트,~,51,51130,5113011200,강원특별자치도,원주시,태장동
20250415,4388001,태장119안전센터,~,51,51130,5113011200,강원특별자치도,원주시,태장동
20250415,4388061,태장농공단지,~,51,51130,5113011200,강원특별자치도,원주시,태장동
20250415,4388141,선비마을,~,51,51130,5113025025,강원특별자치도,원주시,문막읍
20250415,4388151,남원주농협,~,51,51130,5113037021,강원특별자치도,원주시,흥업면
20250415,4388241,삼광택지,~,51,51130,5113011300,강원특별자치도,원주시,봉산동
20250415,4388491,웃골,~,51,51130,5113011800,강원특별자치도,원주시,가현동
20250415,4388511,호매곡종점,~,51,51130,5113032021,강원특별자치도,원주시,호저면
20250415,4388541,법등마을,~,51,51130,5113036021,강원특별자치도,원주시,귀래면
20250415,4388551,양지말,~,51,51130,5113035022,강원특별자치도,원주시,부론면
20250415,4388581,당둔지,~,51,51130,5113011600,강원특별자치도,원주시,관설동
20250415,4388601,혁신풍경채센텀포레,~,51,51130,5113011700,강원특별자치도,원주시,반곡동
20250415,4388611,웃골,~,51,51130,5113036022,강원특별자치도,원주시,귀래면
20250415,4388621,흥화브라운빌,~,51,51130,5113011200,강원특별자치도,원주시,태장동
20250415,4388631,학마을,~,51,51130,5113011600,강원특별자치도,원주시,관설동
20250415,4388731,벽산블루밍아파트,~,51,51130,5113011700,강원특별자치도,원주시,반곡동
20250415,4388741,우산1교,~,51,51130,5113011100,강원특별자치도,원주시,우산동
20250415,4388751,동막골,~,51,51130,5113033022,강원특별자치도,원주시,지정면
20250415,4388761,서원주역(지정초방면),~,51,51130,5113033021,강원특별자치도,원주시,지정면
20250415,4388771,서원주역(간현방면),~,51,51130,5113033021,강원특별자치도,원주시,지정면
20250415,4388781,원주역(흥업방면.승차전용),~,51,51130,5113011500,강원특별자치도,원주시,무실동
20250415,4388811,연세대(귀래방면),~,51,51130,5113037022,강원특별자치도,원주시,흥업면
20250415,4388821,한라대학교.교내,~,51,51130,5113037021,강원특별자치도,원주시,흥업면
20250415,4388831,한라대학교.교내,~,51,51130,5113037021,강원특별자치도,원주시,흥업면
20250415,4388871,봉화산벨라시티3차아파트,~,51,51130,5113011000,강원특별자치도,원주시,단계동
20250415,4388881,봉화산벨라시티2차아파트,~,51,51130,5113011000,강원특별자치도,원주시,단계동
20250415,4388911,관설동차고지,~,51,51130,5113011600,강원특별자치도,원주시,관설동
20250415,4388921,원고개,~,51,51130,5113031026,강원특별자치도,원주시,소초면
20250415,4388931,구룡사,~,51,51130,5113031028,강원특별자치도,원주시,소초면
20250415,4388981,만종교차로,~,51,51130,5113032025,강원특별자치도,원주시,호저면
20250415,4388991,만종교차로,~,51,51130,5113032025,강원특별자치도,원주시,호저면
20250415,4389011,박건호공원,~,51,51130,5113011500,강원특별자치도,원주시,무실동
20250415,4389041,은행정마을,~,51,51130,5113011500,강원특별자치도,원주시,무실동
20250415,4389051,은행정마을,~,51,51130,5113011500,강원특별자치도,원주시,무실동
20250415,4389061,연세대삼거리,~,51,51130,5113037022,강원특별자치도,원주시,흥업면
20250415,4389081,원주역(시내방면.승차전용),~,51,51130,5113011500,강원특별자치도,원주시,무실동
20250415,4389091,태봉초등학교,~,51,51130,5113011200,강원특별자치도,원주시,태장동
20250415,4389101,진등,~,51,51130,5113011400,강원특별자치도,원주시,행구동
20250415,4389111,태봉2교,~,51,51130,5113011200,강원특별자치도,원주시,태장동
20250415,4389121,반곡중학교정문,~,51,51130,5113011700,강원특별자치도,원주시,반곡동
20250415,4389131,반곡중학교정문,~,51,51130,5113011700,강원특별자치도,원주시,반곡동
20250415,4389141,입춘내,~,51,51130,5113011700,강원특별자치도,원주시,반곡동
20250415,4389151,입춘내,~,51,51130,5113011700,강원특별자치도,원주시,반곡동
20250415,4389191,삼정백조아파트,~,51,51130,5113011200,강원특별자치도,원주시,태장동
20250415,4389201,삼정백조아파트,~,51,51130,5113011200,강원특별자치도,원주시,태장동
20250415,4389211,금광포란재아파트,~,51,51130,5113011200,강원특별자치도,원주시,태장동
20250415,4389241,고리골,~,51,51130,5113031027,강원특별자치도,원주시,소초면
20250415,4389251,만종역삼거리,~,51,51130,5113032025,강원특별자치도,원주시,호저면
20250415,4389271,문막성당,~,51,51130,5113025026,강원특별자치도,원주시,문막읍
20250415,4389281,문막성당,~,51,51130,5113025026,강원특별자치도,원주시,문막읍
20250415,4389341,송계마을슈퍼,~,51,51130,5113039027,강원특별자치도,원주시,신림면
20250415,4389361,요골,~,51,51130,5113037023,강원특별자치도,원주시,흥업면
20250415,4389371,치악체육관,~,51,51130,5113010600,강원특별자치도,원주시,명륜동
20250415,4389381,섭재둔덕,~,51,51130,5113011600,강원특별자치도,원주시,관설동
20250415,4389391,효성백년가약아파트후문,~,51,51130,5113011400,강원특별자치도,원주시,행구동
20250415,4389431,황둔,~,51,51130,5113039027,강원특별자치도,원주시,신림면
20250415,4389441,황둔,~,51,51130,5113039027,강원특별자치도,원주시,신림면
20250415,4389451,원주역(하차전용),~,51,51130,5113011500,강원특별자치도,원주시,무실동
20250415,4389461,마재길,~,51,51130,5113011500,강원특별자치도,원주시,무실동
20250415,4389471,마재길,~,51,51130,5113011500,강원특별자치도,원주시,무실동
20250415,4389571,상지대.예술관앞,~,51,51130,5113011100,강원특별자치도,원주시,우산동
20250415,4389581,상지대.학술정보원앞,~,51,51130,5113011100,강원특별자치도,원주시,우산동
20250415,4389611,포진리슈퍼앞,~,51,51130,5113025028,강원특별자치도,원주시,문막읍
20250415,4689661,못골마을,~,51,51130,5113011300,강원특별자치도,원주시,봉산동
20250415,4689721,원주추모공원,~,51,51130,5113037023,강원특별자치도,원주시,흥업면
20250415,4689731,구용소,~,51,51130,5113039026,강원특별자치도,원주시,신림면
20250415,4689751,문막복지회관,~,51,51130,5113025021,강원특별자치도,원주시,문막읍
20250415,4689771,아랫마을,~,51,51130,5113031024,강원특별자치도,원주시,소초면
20250415,4689791,광터교차로,~,51,51130,5113037023,강원특별자치도,원주시,흥업면
20250415,4689801,부론농협주유소,~,51,51130,5113035021,강원특별자치도,원주시,부론면
20250415,4689811,간현관광지앞,~,51,51130,5113033021,강원특별자치도,원주시,지정면
20250415,4689861,가현동우체국,~,51,51130,5113011800,강원특별자치도,원주시,가현동
20250415,7100621,문막,~,51,51130,5113025026,강원특별자치도,원주시,문막읍
20250415,7984461,광산골,~,51,51130,5113037022,강원특별자치도,원주시,흥업면
20250415,7984464,귀래면,~,51,51130,5113036021,강원특별자치도,원주시,귀래면
20250415,8005920,원주시외버스터미널,~,51,51130,5113011000,강원특별자치도,원주시,단계동
