opr_ymd,ctpv_cd,sgg_cd,rte_id,rte_no,rte_nm,dptre_sttn_id,dptre_sttn_nm,arvl_sttn_id,arvl_sttn_nm
20250215,42,42130,43700018,18,관설동종점-관설동종점,4372031,관설동종점,4370011,관설동종점
20250215,42,42130,43700100,10,관설동종점-관설동종점,4372031,관설동종점,4370011,관설동종점
20250215,42,42130,43700101,1주공A,관설동종점-태장주공4단지,4372031,관설동종점,4373011,태장주공4단지
20250215,42,42130,43700181,18-1,관설동종점-관설동종점,4372031,관설동종점,4370011,관설동종점
20250215,42,42130,43700191,19-1,관설동종점-관설동종점,4372031,관설동종점,4370011,관설동종점
20250215,42,42130,43700200,2갈풍,기점-종점,4374880,기점,4374850,종점
20250215,42,42130,43700201,2모평-갈풍,기점-종점,4374880,기점,4374850,종점
20250215,42,42130,43700202,2모평-가담,기점-종점,4374880,기점,4374850,종점
20250215,42,42130,43700203,2모평-가담,기점-종점,4374880,기점,4374850,종점
20250215,42,42130,43700204,2가담,기점-종점,4374880,기점,4374850,종점
20250215,42,42130,43700205,2청용,기점-종점,4374880,기점,4374850,종점
20250215,42,42130,43700206,2정암,기점-종점,4374880,기점,4374850,종점
20250215,42,42130,43700207,2영영포리,기점-종점,4374880,기점,4374850,종점
20250215,42,42130,43700208,2남산(송호대),기점-종점,4374880,기점,4374850,종점
20250215,42,42130,43700209,2-1하궁,기점-종점,4374880,기점,4374850,종점
20250215,42,42130,43700210,2-1하궁,기점-종점,4374880,기점,4374850,종점
20250215,42,42130,43700211,2-1하궁,기점-종점,4374880,기점,4374850,종점
20250215,42,42130,43700212,2-1오원,기점-종점,4374880,기점,4374850,종점
20250215,42,42130,43700213,2-1오원,기점-종점,4374880,기점,4374850,종점
20250215,42,42130,43700214,2-1상대/하대,기점-종점,4374880,기점,4374850,종점
20250215,42,42130,43700215,2-1상대/하대,기점-종점,4374880,기점,4374850,종점
20250215,42,42130,43700216,2-1상대/하대,기점-종점,4374880,기점,4374850,종점
20250215,42,42130,43700217,2-1정금,기점-종점,4374880,기점,4374850,종점
20250215,42,42130,43700218,2-1정금-용둔,기점-종점,4374880,기점,4374850,종점
20250215,42,42130,43700219,2-1정금-우항,기점-종점,4374880,기점,4374850,종점
20250215,42,42130,43700220,2-1구룡사,기점-종점,4374880,기점,4374850,종점
20250215,42,42130,43700221,2-1구룡사-학곡,기점-종점,4374880,기점,4374850,종점
20250215,42,42130,43700222,2-2수동-계촌,기점-종점,4374880,기점,4374850,종점
20250215,42,42130,43700223,2-2상안,기점-종점,4374880,기점,4374850,종점
20250215,42,42130,43700224,2-3강림,기점-종점,4374880,기점,4374850,종점
20250215,42,42130,43700225,2-3월현,기점-종점,4374880,기점,4374850,종점
20250215,42,42130,43700226,2-3월현-부곡,기점-종점,4374880,기점,4374850,종점
20250215,42,42130,43700227,2-3부곡,기점-종점,4374880,기점,4374850,종점
20250215,42,42130,43700228,2-4갑천,기점-종점,4374880,기점,4374850,종점
20250215,42,42130,43700229,2-4갑천-마옥,기점-종점,4374880,기점,4374850,종점
20250215,42,42130,43700230,2-4갑천-공근,기점-종점,4374880,기점,4374850,종점
20250215,42,42130,43700231,2-4외갑천-마옥,기점-종점,4374880,기점,4374850,종점
20250215,42,42130,43700232,2-4병지방,기점-종점,4374880,기점,4374850,종점
20250215,42,42130,43700233,2-4병지방,기점-종점,4374880,기점,4374850,종점
20250215,42,42130,43700234,2-4상대,기점-종점,4374880,기점,4374850,종점
20250215,42,42130,43700235,2-5신대-구방,기점-종점,4374880,기점,4374850,종점
20250215,42,42130,43700236,2-5신대-북내미,기점-종점,4374880,기점,4374850,종점
20250215,42,42130,43700237,2-5신대-외갑천,기점-종점,4374880,기점,4374850,종점
20250215,42,42130,43700238,2-5신대-외갑천,기점-종점,4374880,기점,4374850,종점
20250215,42,42130,43700239,2-5신대,기점-종점,4374880,기점,4374850,종점
20250215,42,42130,43700240,2-5봉명,기점-종점,4374880,기점,4374850,종점
20250215,42,42130,43700241,2-5봉명-금평,기점-종점,4374880,기점,4374850,종점
20250215,42,42130,43700242,2-5청일,기점-종점,4374880,기점,4374850,종점
20250215,42,42130,43700243,2-5금평,기점-종점,4374880,기점,4374850,종점
20250215,42,42130,43700244,2-5절바우골,기점-종점,4374880,기점,4374850,종점
20250215,42,42130,43700245,2-6상창,기점-종점,4374880,기점,4374850,종점
20250215,42,42130,43700246,2-6상창-도곡,기점-종점,4374880,기점,4374850,종점
20250215,42,42130,43700247,2-6상창-도곡,기점-종점,4374880,기점,4374850,종점
20250215,42,42130,43700248,2-6상창-행정,기점-종점,4374880,기점,4374850,종점
20250215,42,42130,43700249,2-6상창-행정,기점-종점,4374880,기점,4374850,종점
20250215,42,42130,43700250,2-6어둔리,기점-종점,4374880,기점,4374850,종점
20250215,42,42130,43700251,2-6행정,기점-종점,4374880,기점,4374850,종점
20250215,42,42130,43700252,2-6삼배,기점-종점,4374880,기점,4374850,종점
20250215,42,42130,43700253,2-6좌운,기점-종점,4374880,기점,4374850,종점
20250215,42,42130,43700254,2-6시동,기점-종점,4374880,기점,4374850,종점
20250215,42,42130,43700255,2-8풍수원,기점-종점,4374880,기점,4374850,종점
20250215,42,42130,43700256,2-8풍수원-공근,기점-종점,4374880,기점,4374850,종점
20250215,42,42130,43700257,2-8풍수원-공근,기점-종점,4374880,기점,4374850,종점
20250215,42,42130,43700258,2-8대산,기점-종점,4374880,기점,4374850,종점
20250215,42,42130,43700259,2-8대산-석화,기점-종점,4374880,기점,4374850,종점
20250215,42,42130,43700260,2-8대산-스무나리,기점-종점,4374880,기점,4374850,종점
20250215,42,42130,43700261,2-8스므나리,기점-종점,4374880,기점,4374850,종점
20250215,42,42130,43700262,2-8석화,기점-종점,4374880,기점,4374850,종점
20250215,42,42130,43700263,2-8서원,기점-종점,4374880,기점,4374850,종점
20250215,42,42130,43700264,2-8서원,기점-종점,4374880,기점,4374850,종점
20250215,42,42130,43700265,횡성순환-남산,기점-종점,4374880,기점,4374850,종점
20250215,42,42130,43700266,횡성순환-청용,기점-종점,4374880,기점,4374850,종점
20250215,42,42130,43700267,횡성순환-가담,기점-종점,4374880,기점,4374850,종점
20250215,42,42130,43700268,횡성순환-모평,기점-종점,4374880,기점,4374850,종점
20250215,42,42130,43700269,횡성순환-반곡,기점-종점,4374880,기점,4374850,종점
20250215,42,42130,43700270,횡성순환-갈풍,기점-종점,4374880,기점,4374850,종점
20250215,42,42130,43700271,횡성순환-송전,기점-종점,4374880,기점,4374850,종점
20250215,42,42130,43700272,횡성순환-병지방,기점-종점,4374880,기점,4374850,종점
20250215,42,42130,43700273,횡성순환-영영포,기점-종점,4374880,기점,4374850,종점
20250215,42,42130,43700274,횡성순환-오산,기점-종점,4374880,기점,4374850,종점
20250215,42,42130,43700275,횡성순환-마옥,기점-종점,4374880,기점,4374850,종점
20250215,42,42130,43700276,둔내순환-안흥,기점-종점,4374880,기점,4374850,종점
20250215,42,42130,43700277,둔내순환-삽교1,기점-종점,4374880,기점,4374850,종점
20250215,42,42130,43700278,둔내순환-삽교2,기점-종점,4374880,기점,4374850,종점
20250215,42,42130,43700279,둔내순환-우용,기점-종점,4374880,기점,4374850,종점
20250215,42,42130,43700280,둔내순환-화동,기점-종점,4374880,기점,4374850,종점
20250215,42,42130,43700281,둔내순환-두원,기점-종점,4374880,기점,4374850,종점
20250215,42,42130,43700282,2-7둔내,기점-종점,4374880,기점,4374850,종점
20250215,42,42130,43700283,2횡성,관설동종점-관설동종점,4372031,관설동종점,4370011,관설동종점
20250215,42,42130,43700284,2-1횡성,관설동종점-관설동종점,4372031,관설동종점,4370011,관설동종점
20250215,42,42130,43700285,2공고하교1,관설동종점-관설동종점,4372031,관설동종점,4370011,관설동종점
20250215,42,42130,43700287,2횡성-둔둔리,관설동종점-관설동종점,4372031,관설동종점,4370011,관설동종점
20250215,42,42130,43700288,2둔둔리-횡성,관설동종점-관설동종점,4372031,관설동종점,4370011,관설동종점
20250215,42,42130,43700300,3장양리,장양리차고지-장양리차고지,4373111,장양리차고지,4373651,장양리차고지
20250215,42,42130,43700301,4장양리,장양리차고지-장양리차고지,4373111,장양리차고지,4373651,장양리차고지
20250215,42,42130,43700400,4장양리,장양리차고지-장양리차고지,4373111,장양리차고지,4373651,장양리차고지
20250215,42,42130,43700500,5,관설동종점-관설동종점,4372031,관설동종점,4370011,관설동종점
20250215,42,42130,43700501,5-2,관설동종점-관설동종점,4372031,관설동종점,4370011,관설동종점
20250215,42,42130,43700502,5(첫차),우미린아파트-관설동종점,4386191,우미린아파트,4370011,관설동종점
20250215,42,42130,43700503,5-3단계지선,관설동종점-관설동종점,4372031,관설동종점,4370011,관설동종점
20250215,42,42130,43700504,5(첫차),우미린아파트-관설동종점,4386191,우미린아파트,4370011,관설동종점
20250215,42,42130,43700505,5-2우미린경유,관설동종점-관설동종점,4372031,관설동종점,4370011,관설동종점
20250215,42,42130,43700600,6관설동,관설동종점-관설동종점,4372031,관설동종점,4370011,관설동종점
20250215,42,42130,43700601,6진광중고,관설동종점-관설동종점,4372031,관설동종점,4370011,관설동종점
20250215,42,42130,43700602,6원주여고,관설동종점-관설동종점,4372031,관설동종점,4370011,관설동종점
20250215,42,42130,43700603,6공고하교1,미래고-관설동종점,4375501,미래고,4370011,관설동종점
20250215,42,42130,43700604,6공고하교2,원주공고-관설동종점,4375501,미래고,4370011,관설동종점
20250215,42,42130,43700700,7관설동,관설동종점-관설동종점,4372031,관설동종점,4370011,관설동종점
20250215,42,42130,43700701,7공고하교,미래고-관설동종점,4375501,미래고,4370011,관설동종점
20250215,42,42130,43700702,7반곡중하교,관설동종점-관설동종점,4372031,관설동종점,4370011,관설동종점
20250215,42,42130,43700703,7반공중-공고,원주공고-관설동종점,4375501,미래고,4370011,관설동종점
20250215,42,42130,43700704,7진광경유,관설동종점-관설동종점,4372031,관설동종점,4370011,관설동종점
20250215,42,42130,43700800,8국형사,관설동종점-관설동종점,4372031,관설동종점,4370011,관설동종점
20250215,42,42130,43700801,8국형사-원주여고,관설동종점-관설초등학교,4372031,관설동종점,4370051,관설초등학교
20250215,42,42130,43700802,8성문사,관설동종점-관설동종점,4372031,관설동종점,4370011,관설동종점
20250215,42,42130,43700900,9동보APT,관설동종점-관설초등학교,4372031,관설동종점,4370051,관설초등학교
20250215,42,42130,43700901,9공고하교,관설동종점-관설초등학교,4372031,관설동종점,4370051,관설초등학교
20250215,42,42130,43701000,21학산,장양리차고지-장양리차고지,4373111,장양리차고지,4373651,장양리차고지
20250215,42,42130,43701003,21학산-태장농공,장양리차고지-장양리차고지,4373111,장양리차고지,4373651,장양리차고지
20250215,42,42130,43701004,21학산-태장주공,장양리차고지-장양리차고지,4373111,장양리차고지,4373651,장양리차고지
20250215,42,42130,43701005,21장양-태장주공,장양리차고지-장양리차고지,4373111,장양리차고지,4373651,장양리차고지
20250215,42,42130,43701006,21태장주공-학산,장양리차고지-장양리차고지,4373111,장양리차고지,4373651,장양리차고지
20250215,42,42130,43701007,21신림면사무소(막차),장양리차고지-장양리차고지,4373111,장양리차고지,4373651,장양리차고지
20250215,42,42130,43701100,22구학,장양리차고지-장양리차고지,4373111,장양리차고지,4373651,장양리차고지
20250215,42,42130,43701102,22구학-주공4차,장양리차고지-장양리차고지,4373111,장양리차고지,4373651,장양리차고지
20250215,42,42130,43701200,23성남,장양리차고지-장양리차고지,4373111,장양리차고지,4373651,장양리차고지
20250215,42,42130,43701201,23태장주공A,장양리차고지-장양리차고지,4373111,장양리차고지,4373651,장양리차고지
20250215,42,42130,43701300,24운학,장양리차고지-장양리차고지,4373111,장양리차고지,4373651,장양리차고지
20250215,42,42130,43701301,24공단경유,장양리차고지-장양리차고지,4373111,장양리차고지,4373651,장양리차고지
20250215,42,42130,43701302,24운학(상행주공),장양리차고지-장양리차고지,4373111,장양리차고지,4373651,장양리차고지
20250215,42,42130,43701303,24복편신림종료,장양리차고지-신림면사무소,4373111,장양리차고지,4373441,신림면사무소
20250215,42,42130,43701400,25주천,장양리차고지-장양리차고지,4373111,장양리차고지,4373651,장양리차고지
20250215,42,42130,43701401,25태장주공A,장양리차고지-장양리차고지,4373111,장양리차고지,4373651,장양리차고지
20250215,42,42130,43701402,25주천(신림종료),장양리차고지-신림면사무소,4373111,장양리차고지,4373441,신림면사무소
20250215,42,42130,43701403,25태장주공-주천,장양리차고지-장양리차고지,4373111,장양리차고지,4373651,장양리차고지
20250215,42,42130,43701500,30연세대,장양리차고지-장양리차고지,4373111,장양리차고지,4373651,장양리차고지
20250215,42,42130,43701501,30연세대-공단,장양리차고지-장양리차고지,4373111,장양리차고지,4373651,장양리차고지
20250215,42,42130,43701502,30한촌경유,장양리차고지-장양리차고지,4373111,장양리차고지,4373651,장양리차고지
20250215,42,42130,43701503,30상행-주공A,장양리차고지-장양리차고지,4373111,장양리차고지,4373651,장양리차고지
20250215,42,42130,43701504,30하행-주공A,장양리차고지-장양리차고지,4373111,장양리차고지,4373651,장양리차고지
20250215,42,42130,43701505,30한촌-공단,장양리차고지-장양리차고지,4373111,장양리차고지,4373651,장양리차고지
20250215,42,42130,43701506,30한촌-주공A,장양리차고지-장양리차고지,4373111,장양리차고지,4373651,장양리차고지
20250215,42,42130,43701507,30치악고하교,치악고등학교-태장주공4단지,4372021,치악고등학교,4373011,태장주공4단지
20250215,42,42130,43701508,30공단-연세대,장양리차고지-장양리차고지,4373111,장양리차고지,4373651,장양리차고지
20250215,42,42130,43701509,30연세대(왕편상지대),장양리차고지-장양리차고지,4373111,장양리차고지,4373651,장양리차고지
20250215,42,42130,43701510,30연세대(복편상지대),장양리차고지-장양리차고지,4373111,장양리차고지,4373651,장양리차고지
20250215,42,42130,43701511,30연세대발원주역미경유,장양리차고지-장양리차고지,4373111,장양리차고지,4373651,장양리차고지
20250215,42,42130,43701512,30연세대종료(원주역미경유),장양리차고지-연세대스포츠센터,4373111,장양리차고지,4376561,연세대스포츠센터
20250215,42,42130,43701600,31귀래,장양리차고지-장양리차고지,4373111,장양리차고지,4373651,장양리차고지
20250215,42,42130,43701602,31단강,장양리차고지-장양리차고지,4373111,장양리차고지,4373651,장양리차고지
20250215,42,42130,43701603,31용암,장양리차고지-장양리차고지,4373111,장양리차고지,4373651,장양리차고지
20250215,42,42130,43701604,31운남,장양리차고지-장양리차고지,4373111,장양리차고지,4373651,장양리차고지
20250215,42,42130,43701605,31운남2,장양리차고지-장양리차고지,4373111,장양리차고지,4373651,장양리차고지
20250215,42,42130,43701606,31귀래-상촌,장양리차고지-장양리차고지,4373111,장양리차고지,4373651,장양리차고지
20250215,42,42130,43701607,31용암-귀래3리-서곡,장양리차고지-장양리차고지,4373111,장양리차고지,4373651,장양리차고지
20250215,42,42130,43701609,31단강-상촌,장양리차고지-장양리차고지,4373111,장양리차고지,4373651,장양리차고지
20250215,42,42130,43701610,31귀래3리-귀래,장양리차고지-장양리차고지,4373111,장양리차고지,4373651,장양리차고지
20250215,42,42130,43701611,31용암(첫차),장양리차고지-장양리차고지,4373111,장양리차고지,4373651,장양리차고지
20250215,42,42130,43701612,31운남(첫차),장양리차고지-장양리차고지,4373111,장양리차고지,4373651,장양리차고지
20250215,42,42130,43701613,31귀래-외촌,장양리차고지-장양리차고지,4373111,장양리차고지,4373651,장양리차고지
20250215,42,42130,43701614,31귀래3리-귀래2,장양리차고지-장양리차고지,4373111,장양리차고지,4373651,장양리차고지
20250215,42,42130,43701615,31귀래(복편원주역),장양리차고지-장양리차고지,4373111,장양리차고지,4373651,장양리차고지
20250215,42,42130,43701616,31운남(복편원주역),장양리차고지-장양리차고지,4373111,장양리차고지,4373651,장양리차고지
20250215,42,42130,43701617,31귀래3리-운남,장양리차고지-장양리차고지,4373111,장양리차고지,4373651,장양리차고지
20250215,42,42130,43701700,32서곡,장양리차고지-장양리차고지,4373111,장양리차고지,4373651,장양리차고지
20250215,42,42130,43701701,32내남송-서곡,장양리차고지-장양리차고지,4373111,장양리차고지,4373651,장양리차고지
20250215,42,42130,43701702,32서곡-내남송,장양리차고지-장양리차고지,4373111,장양리차고지,4373651,장양리차고지
20250215,42,42130,43701800,33사제리,장양리차고지-장양리차고지,4373111,장양리차고지,4373651,장양리차고지
20250215,42,42130,43701900,34매지리,장양리차고지-장양리차고지,4373111,장양리차고지,4373651,장양리차고지
20250215,42,42130,43701901,34연세대,장양리차고지-장양리차고지,4373111,장양리차고지,4373651,장양리차고지
20250215,42,42130,43701902,34회촌,장양리차고지-장양리차고지,4373111,장양리차고지,4373651,장양리차고지
20250215,42,42130,43701903,34연세대상촌경유,장양리차고지-장양리차고지,4373111,장양리차고지,4373651,장양리차고지
20250215,42,42130,43701904,34상촌-연세대,장양리차고지-장양리차고지,4373111,장양리차고지,4373651,장양리차고지
20250215,42,42130,43701905,34연세대-상촌,장양리차고지-장양리차고지,4373111,장양리차고지,4373651,장양리차고지
20250215,42,42130,43701906,34매지리-상촌,장양리차고지-장양리차고지,4373111,장양리차고지,4373651,장양리차고지
20250215,42,42130,43701907,34회촌-상촌경유,장양리차고지-장양리차고지,4373111,장양리차고지,4373651,장양리차고지
20250215,42,42130,43701908,34-1,장양리차고지-장양리차고지,4373111,장양리차고지,4373651,장양리차고지
20250215,42,42130,43701909,34연세대(복편원주역),장양리차고지-장양리차고지,4373111,장양리차고지,4373651,장양리차고지
20250215,42,42130,43702000,35대안리,장양리차고지-장양리차고지,4373111,장양리차고지,4373651,장양리차고지
20250215,42,42130,43702200,41구룡사,관설동종점-관설동종점,4372031,관설동종점,4370011,관설동종점
20250215,42,42130,43702202,41-2주말서면,관설동종점-관설동종점,4372031,관설동종점,4370011,관설동종점
20250215,42,42130,43702203,41학곡리,관설동종점-관설동종점,4372031,관설동종점,4370011,관설동종점
20250215,42,42130,43702204,41-2터미널경유,관설동종점-관설동종점,4372031,관설동종점,4370011,관설동종점
20250215,42,42130,43702300,42흥양리,관설동종점-관설동종점,4372031,관설동종점,4370011,관설동종점
20250215,42,42130,43702400,49문막,장양리차고지-장양리차고지,4373111,장양리차고지,4373651,장양리차고지
20250215,42,42130,43702500,50문막,관설동종점-관설동종점,4372031,관설동종점,4370011,관설동종점
20250215,42,42130,43702502,50문막공단,장양리차고지-장양리차고지,4373111,장양리차고지,4373651,장양리차고지
20250215,42,42130,43702503,50문막공단(추모공원),장양리차고지-장양리차고지,4373111,장양리차고지,4373651,장양리차고지
20250215,42,42130,43702504,50만종역회차,장양리차고지-장양리차고지,4373111,장양리차고지,4373651,장양리차고지
20250215,42,42130,43702600,51공단1,관설동종점-관설동종점,4372031,관설동종점,4370011,관설동종점
20250215,42,42130,43702601,51공단2,관설동종점-관설동종점,4372031,관설동종점,4370011,관설동종점
20250215,42,42130,43702602,51대둔리,관설동종점-관설동종점,4372031,관설동종점,4370011,관설동종점
20250215,42,42130,43702603,51등안동,관설동종점-관설동종점,4372031,관설동종점,4370011,관설동종점
20250215,42,42130,43702604,51밤산골,관설동종점-관설동종점,4372031,관설동종점,4370011,관설동종점
20250215,42,42130,43702605,51진밭,관설동종점-관설동종점,4372031,관설동종점,4370011,관설동종점
20250215,42,42130,43702606,51경동,관설동종점-관설동종점,4372031,관설동종점,4370011,관설동종점
20250215,42,42130,43702607,51밤산골-대둔리,관설동종점-관설초등학교,4372031,관설동종점,4370051,관설초등학교
20250215,42,42130,43702608,51도영쇼핑경유,관설동종점-관설초등학교,4372031,관설동종점,4370051,관설초등학교
20250215,42,42130,43702609,51공고하교1,관설동종점-관설초등학교,4372031,관설동종점,4370051,관설초등학교
20250215,42,42130,43702610,51공고하교2,관설동종점-관설초등학교,4372031,관설동종점,4370051,관설초등학교
20250215,42,42130,43702611,51반곡중등교,관설동종점-관설동종점,4372031,관설동종점,4370011,관설동종점
20250215,42,42130,43702612,51반곡중하교,관설동종점-관설동종점,4372031,관설동종점,4370011,관설동종점
20250215,42,42130,43702613,51공단경유-대둔,관설동종점-관설초등학교,4372031,관설동종점,4370051,관설초등학교
20250215,42,42130,43702614,51대둔-공단경유,관설동종점-관설초등학교,4372031,관설동종점,4370051,관설초등학교
20250215,42,42130,43702615,51밤산-육민관고,관설동종점-관설초등학교,4372031,관설동종점,4370051,관설초등학교
20250215,42,42130,43702616,51진밭-원주여고,관설동종점-관설초등학교,4372031,관설동종점,4370051,관설초등학교
20250215,42,42130,43702617,51-1문막-만종역,문막2리-만종역,4371471,문막새마을금고,4386961,KTX만종역
20250215,42,42130,43702618,51-2만종역-만종,만종역-만종역,4386961,KTX만종역,4386961,KTX만종역
20250215,42,42130,43702619,51-3만종역-관설,만종역-관설초등학교,4386961,KTX만종역,4370051,관설초등학교
20250215,42,42130,43702620,51진밭-역미경유,관설동종점-관설초등학교,4372031,관설동종점,4370051,관설초등학교
20250215,42,42130,43702621,51밤산-역미경유,관설동종점-관설초등학교,4372031,관설동종점,4370051,관설초등학교
20250215,42,42130,43702622,51문막종료,관설동종점-문막2리,4372031,관설동종점,4371471,문막새마을금고
20250215,42,42130,43702623,51퇴골-대둔리,관설동종점-관설초등학교,4372031,관설동종점,4370051,관설초등학교
20250215,42,42130,43702624,51문막2리-원여고,관설동종점-관설동종점,4372031,관설동종점,4370011,관설동종점
20250215,42,42130,43702625,51문막2리-육민관,관설동종점-관설동종점,4372031,관설동종점,4370011,관설동종점
20250215,42,42130,43702626,51문막고(공고출발),미래고-관설동종점,4375501,미래고,4370011,관설동종점
20250215,42,42130,43702627,51공단-공고출발,원주공고-관설동종점,4375501,미래고,4370011,관설동종점
20250215,42,42130,43702700,52간현,관설동종점-관설동종점,4372031,관설동종점,4370011,관설동종점
20250215,42,42130,43702702,52도계,관설동종점-관설동종점,4372031,관설동종점,4370011,관설동종점
20250215,42,42130,43702703,52(동화역경유),관설동종점-관설동종점,4372031,관설동종점,4370011,관설동종점
20250215,42,42130,43702704,52(도계판대경유),관설동종점-관설동종점,4372031,관설동종점,4370011,관설동종점
20250215,42,42130,43702705,52기업도시-간현,관설동종점-관설초등학교,4372031,관설동종점,4370051,관설초등학교
20250215,42,42130,43702706,52간현-기업도시,관설동종점-관설초등학교,4372031,관설동종점,4370051,관설초등학교
20250215,42,42130,43702707,52(신평도계경유),관설동종점-관설동종점,4372031,관설동종점,4370011,관설동종점
20250215,42,42130,43702708,52(신평동화역경유),관설동종점-관설동종점,4372031,관설동종점,4370011,관설동종점
20250215,42,42130,43702709,52(도계),관설동종점-관설동종점,4372031,관설동종점,4370011,관설동종점
20250215,42,42130,43702710,52(신평경유),관설동종점-관설동종점,4372031,관설동종점,4370011,관설동종점
20250215,42,42130,43702711,52-1,관설동종점-관설동종점,4372031,관설동종점,4370011,관설동종점
20250215,42,42130,43702712,52-1문화마을경유,관설동종점-관설동종점,4372031,관설동종점,4370011,관설동종점
20250215,42,42130,43702800,53귀래,관설동종점-관설동종점,4372031,관설동종점,4370011,관설동종점
20250215,42,42130,43702801,53귀운,관설동종점-관설동종점,4372031,관설동종점,4370011,관설동종점
20250215,42,42130,43702802,53관설-면허미경,관설동종점-관설초등학교,4372031,관설동종점,4370051,관설초등학교
20250215,42,42130,43702803,53귀운-선들경유,관설동종점-관설초등학교,4372031,관설동종점,4370051,관설초등학교
20250215,42,42130,43702804,53궁동,관설동종점-관설초등학교,4372031,관설동종점,4370051,관설초등학교
20250215,42,42130,43702805,53선들경유-귀운,관설동종점-관설초등학교,4372031,관설동종점,4370051,관설초등학교
20250215,42,42130,43702900,54대산,관설동종점-관설동종점,4372031,관설동종점,4370011,관설동종점
20250215,42,42130,43702901,54사절,관설동종점-관설동종점,4372031,관설동종점,4370011,관설동종점
20250215,42,42130,43702902,54산현,관설동종점-관설동종점,4372031,관설동종점,4370011,관설동종점
20250215,42,42130,43702903,54서원,관설동종점-관설동종점,4372031,관설동종점,4370011,관설동종점
20250215,42,42130,43702904,54산현(매화마을),관설동종점-관설동종점,4372031,관설동종점,4370011,관설동종점
20250215,42,42130,43702905,54서원(오전),관설동종점-관설초등학교,4372031,관설동종점,4370051,관설초등학교
20250215,42,42130,43702906,54-1개전동-관설,개전동정류장-관설동종점,4384981,개전동정류장,4370011,관설동종점
20250215,42,42130,43702907,54매호리,관설동종점-관설동종점,4372031,관설동종점,4370011,관설동종점
20250215,42,42130,43702908,54매호리(구미),관설동종점-관설동종점,4372031,관설동종점,4370011,관설동종점
20250215,42,42130,43703000,55귀래,관설동종점-관설동종점,4372031,관설동종점,4370011,관설동종점
20250215,42,42130,43703001,55(부론),관설동종점-관설동종점,4372031,관설동종점,4370011,관설동종점
20250215,42,42130,43703002,55부론2,관설동종점-관설동종점,4372031,관설동종점,4370011,관설동종점
20250215,42,42130,43703003,55-1부론(첫차),관설동종점-관설동종점,4372031,관설동종점,4370011,관설동종점
20250215,42,42130,43703004,55송정,관설동종점-관설동종점,4372031,관설동종점,4370011,관설동종점
20250215,42,42130,43703005,55-1부론(경동대),관설동종점-관설동종점,4372031,관설동종점,4370011,관설동종점
20250215,42,42130,43703006,55정산,관설동종점-관설동종점,4372031,관설동종점,4370011,관설동종점
20250215,42,42130,43703007,55귀래-작실경유,관설동종점-귀래면사무소,4372031,관설동종점,4384451,귀래면사무소
20250215,42,42130,43703008,55(부론-문막종료),관설동종점-문막새마을금고,4372031,관설동종점,4371471,문막새마을금고
20250215,42,42130,43703009,55부론(첫차),관설동종점-관설동종점,4372031,관설동종점,4370011,관설동종점
20250215,42,42130,43703010,55정산(첫차),관설동종점-관설동종점,4372031,관설동종점,4370011,관설동종점
20250215,42,42130,43703011,55,관설동종점-관설동종점,4372031,관설동종점,4370011,관설동종점
20250215,42,42130,43703012,55왕복-손곡리,관설동종점-관설동종점,4372031,관설동종점,4370011,관설동종점
20250215,42,42130,43703013,55사기막정산경유,사기막-관설동종점,4388681,사기막,4370011,관설동종점
20250215,42,42130,43703014,55송정발막차,손곡2리-관설동종점,4384831,손곡2리,4370011,관설동종점
20250215,42,42130,43703015,55작실행첫차,관설동종점-웃작실,4372031,관설동종점,4384421,웃작실
20250215,42,42130,43703016,55장양리출발,장양리차고지-귀래면사무소,4373111,장양리차고지,4384451,귀래면사무소
20250215,42,42130,43703017,55송정경유,관설동종점-관설동종점,4372031,관설동종점,4370011,관설동종점
20250215,42,42130,43703018,55-1부론(경동대미경유),관설동종점-관설동종점,4372031,관설동종점,4370011,관설동종점
20250215,42,42130,43703019,55경동대,관설동종점-관설동종점,4372031,관설동종점,4370011,관설동종점
20250215,42,42130,43703020,55부론복경동대,관설동종점-관설동종점,4372031,관설동종점,4370011,관설동종점
20250215,42,42130,43703021,55부론면허시험,관설동종점-관설동종점,4372031,관설동종점,4370011,관설동종점
20250215,42,42130,43703022,55경동대면허시험장,관설동종점-관설동종점,4372031,관설동종점,4370011,관설동종점
20250215,42,42130,43703023,55부론면허복경동,관설동종점-관설동종점,4372031,관설동종점,4370011,관설동종점
20250215,42,42130,43703024,55-1(부론-문막종료),관설동종점-문막새마을금고,4372031,관설동종점,4371471,문막새마을금고
20250215,42,42130,43703025,55운전면허(왕편경동대),관설동종점-관설동종점,4372031,관설동종점,4370011,관설동종점
20250215,42,42130,43703026,55-1(복편_구만이경유),관설동종점-관설동종점,4372031,관설동종점,4370011,관설동종점
20250215,42,42130,43703030,55-1경동대경유,관설동종점-관설동종점,4372031,관설동종점,4370011,관설동종점
20250215,42,42130,43703031,55면허시험문막종료,관설동종점-문막새마을금고,4372031,관설동종점,4371471,문막새마을금고
20250215,42,42130,43703032,55경동대(복편면허),관설동종점-관설동종점,4372031,관설동종점,4370011,관설동종점
20250215,42,42130,43703100,56(월송-복편송호마을),관설동종점-관설동종점,4372031,관설동종점,4370011,관설동종점
20250215,42,42130,43703101,56(월송-왕편송호마을),관설동종점-관설동종점,4372031,관설동종점,4370011,관설동종점
20250215,42,42130,43703200,57(상구현)기업도시경유,관설동종점-관설동종점,4372031,관설동종점,4370011,관설동종점
20250215,42,42130,43703201,57(상구현)도계삼산교,관설동종점-관설동종점,4372031,관설동종점,4370011,관설동종점
20250215,42,42130,43703202,57상구현-동화역,관설동종점-관설동종점,4372031,관설동종점,4370011,관설동종점
20250215,42,42130,43703300,58(양동),관설동종점-관설동종점,4372031,관설동종점,4370011,관설동종점
20250215,42,42130,43703400,70(오전),관설동종점-관설동종점,4372031,관설동종점,4370011,관설동종점
20250215,42,42130,43703401,70(오후),관설동종점-관설동종점,4372031,관설동종점,4370011,관설동종점
20250215,42,42130,43703500,71고산,관설동종점-관설동종점,4372031,관설동종점,4370011,관설동종점
20250215,42,42130,43703501,71동막,관설동종점-관설동종점,4372031,관설동종점,4370011,관설동종점
20250215,42,42130,43703502,71샘골,관설동종점-관설동종점,4372031,관설동종점,4370011,관설동종점
20250215,42,42130,43703503,71선바위,당둔지-관설동종점,4388571,당둔지,4370011,관설동종점
20250215,42,42130,43703504,71고산(영산),관설동종점-관설동종점,4372031,관설동종점,4370011,관설동종점
20250215,42,42130,43703505,71동막(영산),관설동종점-관설동종점,4372031,관설동종점,4370011,관설동종점
20250215,42,42130,43703506,71샘골-동막,관설동종점-관설동종점,4372031,관설동종점,4370011,관설동종점
20250215,42,42130,43703507,71동막-샘골,관설동종점-관설동종점,4372031,관설동종점,4370011,관설동종점
20250215,42,42130,43703508,71샘골-고산,관설동종점-관설동종점,4372031,관설동종점,4370011,관설동종점
20250215,42,42130,43703509,71선바위-동막,관설동종점-관설동종점,4372031,관설동종점,4370011,관설동종점
20250215,42,42130,43703510,71원여고-동막,반곡중학교-동막종점,4381171,반곡중학교,4384961,동막종점
20250215,42,42130,43703600,72매호리,관설동종점-관설동종점,4372031,관설동종점,4370011,관설동종점
20250215,42,42130,43703601,72서원,관설동종점-관설초등학교,4372031,관설동종점,4370051,관설초등학교
20250215,42,42130,43703602,72사절,관설동종점-관설동종점,4372031,관설동종점,4370011,관설동종점
20250215,42,42130,43703603,72용곡,관설동종점-관설동종점,4372031,관설동종점,4370011,관설동종점
20250215,42,42130,43703700,73대덕,관설동종점-관설동종점,4372031,관설동종점,4370011,관설동종점
20250215,42,42130,43703701,73대덕1,관설동종점-관설동종점,4372031,관설동종점,4370011,관설동종점
20250215,42,42130,43703702,73대덕1리(직행),관설동종점-관설초등학교,4372031,관설동종점,4370051,관설초등학교
20250215,42,42130,43703703,73하행-점실-호매,관설동종점-관설동종점,4372031,관설동종점,4370011,관설동종점
20250215,42,42130,43703704,73대덕,관설동종점-관설동종점,4372031,관설동종점,4370011,관설동종점
20250215,42,42130,43703705,73왕복-점실-호매,관설동종점-관설동종점,4372031,관설동종점,4370011,관설동종점
20250215,42,42130,43703706,73상행-점실-호매,관설동종점-관설동종점,4372031,관설동종점,4370011,관설동종점
20250215,42,42130,43703800,74웃골-호매동,관설동종점-관설동종점,4372031,관설동종점,4370011,관설동종점
20250215,42,42130,43703803,74대덕1리,관설동종점-관설동종점,4372031,관설동종점,4370011,관설동종점
20250215,42,42130,43703804,74호매동-웃골,관설동종점-관설동종점,4372031,관설동종점,4370011,관설동종점
20250215,42,42130,43703805,74공고하교,관설동종점-관설동종점,4372031,관설동종점,4370011,관설동종점
20250215,42,42130,43703806,74점실-호매-매호,관설동종점-관설동종점,4372031,관설동종점,4370011,관설동종점
20250215,42,42130,43703807,74호매동,관설동종점-관설동종점,4372031,관설동종점,4370011,관설동종점
20250215,42,42130,43703900,80원주공고,관설동종점-관설동종점,4372031,관설동종점,4370011,관설동종점
20250215,42,42130,43704000,81성문사,장양리차고지-장양리차고지,4373111,장양리차고지,4373651,장양리차고지
20250215,42,42130,43704001,81성문사-진광고,장양리차고지-장양리차고지,4373111,장양리차고지,4373651,장양리차고지
20250215,42,42130,43704002,81오후,장양리차고지-장양리차고지,4373111,장양리차고지,4373651,장양리차고지
20250215,42,42130,43704003,81원주공고하교,장양리차고지-장양리차고지,4373111,장양리차고지,4373651,장양리차고지
20250215,42,42130,43704004,81-1공고-진광고,장양리차고지-장양리차고지,4373111,장양리차고지,4373651,장양리차고지
20250215,42,42130,43704100,82공고-오리골,장양리차고지-장양리차고지,4373111,장양리차고지,4373651,장양리차고지
20250215,42,42130,43704101,82흥양초교,장양리차고지-장양리차고지,4373111,장양리차고지,4373651,장양리차고지
20250215,42,42130,43704103,82황골1,장양리차고지-장양리차고지,4373111,장양리차고지,4373651,장양리차고지
20250215,42,42130,43704104,82진광고-오리골,장양리차고지-장양리차고지,4373111,장양리차고지,4373651,장양리차고지
20250215,42,42130,43704105,82원주여고하교,장양리차고지-장양리차고지,4373111,장양리차고지,4373651,장양리차고지
20250215,42,42130,43704106,82오리골경유,장양리차고지-장양리차고지,4373111,장양리차고지,4373651,장양리차고지
20250215,42,42130,43704107,82오리골-공고,장양리차고지-장양리차고지,4373111,장양리차고지,4373651,장양리차고지
20250215,42,42130,43704200,83번재1,장양리차고지-장양리차고지,4373111,장양리차고지,4373651,장양리차고지
20250215,42,42130,43704203,83진광중고경유,장양리차고지-장양리차고지,4373111,장양리차고지,4373651,장양리차고지
20250215,42,42130,43704204,83원주초교경유,장양리차고지-장양리차고지,4373111,장양리차고지,4373651,장양리차고지
20250215,42,42130,43704300,84반곡동,장양리차고지-장양리차고지,4373111,장양리차고지,4373651,장양리차고지
20250215,42,42130,43704400,85장양리,장양리차고지-장양리차고지,4373111,장양리차고지,4373651,장양리차고지
20250215,42,42130,43704500,90한라대,장양리차고지-장양리차고지,4373111,장양리차고지,4373651,장양리차고지
20250215,42,42130,43704501,90흥대,장양리차고지-장양리차고지,4373111,장양리차고지,4373651,장양리차고지
20250215,42,42130,43704502,90공단-한라대,장양리차고지-장양리차고지,4373111,장양리차고지,4373651,장양리차고지
20250215,42,42130,43704503,90한라대-합포원,장양리차고지-장양리차고지,4373111,장양리차고지,4373651,장양리차고지
20250215,42,42130,43704504,90한라대-공단,장양리차고지-장양리차고지,4373111,장양리차고지,4373651,장양리차고지
20250215,42,42130,43704505,90한라대발원주역미경유,장양리차고지-장양리차고지,4373111,장양리차고지,4373651,장양리차고지
20250215,42,42130,43704506,90한라대종료(원주역미경유),장양리차고지-한라대학교.교내,4373111,장양리차고지,4388831,한라대학교.교내
20250215,42,42130,43704600,91승안동,장양리차고지-장양리차고지,4373111,장양리차고지,4373651,장양리차고지
20250215,42,42130,43704601,91승안-행가리,장양리차고지-장양리차고지,4373111,장양리차고지,4373651,장양리차고지
20250215,42,42130,43704602,91행가리-승안,장양리차고지-장양리차고지,4373111,장양리차고지,4373651,장양리차고지
20250215,42,42130,43704700,통학01,태장주공1단지-치악고등학교,4373741,태장주공1단지,4372021,치악고등학교
20250215,42,42130,43704701,통학02,단계은행아파트-원주여고,4376461,단계은행아파트,4383011,원주여고
20250215,42,42130,43704702,통학03,단계은행아파트-미래고,4376461,단계은행아파트,4375461,미래고
20250215,42,42130,43704703,통학04,청솔5차아파트-원주고등학교,4371841,청솔5차아파트,4372641,원주고등학교
20250215,42,42130,43704704,통학05,태장주공1단지-육민관고등학교,4373741,태장주공1단지,4375591,육민관고등학교
20250215,42,42130,43704705,통학06,개인택시조합-육민관고등학교,4375021,개인택시조합,4375591,육민관고등학교
20250215,42,42130,43704706,통학07,건영아파트-육민관고등학교,4375531,건영아파트,4375591,육민관고등학교
20250215,42,42130,43704707,통학08,건영아파트-육민관고등학교,4375531,건영아파트,4375591,육민관고등학교
20250215,42,42130,43704708,통학09,원주여고-삼육초중고교,4383011,원주여고,4370581,삼육초중고교
20250215,42,42130,43704709,통학10,청솔5차아파트-진광중고등학교,4371841,청솔5차아파트,4374601,진광중고등학교
20250215,42,42130,43704710,통학11,무실e편한세상-원주보훈요양원,4370481,무실e편한세상,4381231,원주보훈요양원
20250215,42,42130,43704711,통학12,태장주공2단지-치악고등학교,4373741,태장주공1단지,4371051,치악고등학교
20250215,42,42130,43704712,하교1,원주여고-단계현대아파트,4383001,원주여고,4374681,단계현대아파트
20250215,42,42130,43704713,하교2,원주여고-단계현대아파트,4383001,원주여고,4374681,단계현대아파트
20250215,42,42130,43704714,하교3,치악고등학교-태장주공4단지,4372021,치악고등학교,4373011,태장주공4단지
20250215,42,42130,43704715,하교4,진광중고등학교-청솔6.8차아파,4373821,진광중고등학교,4371851,청솔6.8차아파트
20250215,42,42130,43704716,하교5,대성고등학교-청솔6.8차아파,4370571,대성고등학교,4371851,청솔6.8차아파트
20250215,42,42130,43704717,통학12(등교),중흥2단지-진광중고등학교,4387691,중흥2단지,4374601,진광중고등학교
20250215,42,42130,43704718,통학12(하교),원주여고-거울못공원,4383001,원주여고,4387431,거울못공원
20250215,42,42130,43704800,2-1서원,관설동종점-관설동종점,4372031,관설동종점,4370011,관설동종점
20250215,42,42130,43704801,2-1심야횡성,관설동종점-관설동종점,4372031,관설동종점,4370011,관설동종점
20250215,42,42130,43704900,3-1장양리,장양리차고지-장양리차고지,4373111,장양리차고지,4373651,장양리차고지
20250215,42,42130,43705000,4-1장양리,장양리차고지-장양리차고지,4373111,장양리차고지,4373651,장양리차고지
20250215,42,42130,43705100,41-1구룡사,관설동종점-관설동종점,4372031,관설동종점,4370011,관설동종점
20250215,42,42130,43705101,51-1,관설동종점-관설동종점,4372031,관설동종점,4370011,관설동종점
20250215,42,42130,43705102,51-1(공고출발),미래고-관설동종점,4375501,미래고,4370011,관설동종점
20250215,42,42130,43705103,51-1(육민관교),문막새마을금고-관설동종점,4371471,문막새마을금고,4370011,관설동종점
20250215,42,42130,43705104,51-1관설동-경동대,관설동종점-관설동종점,4372031,관설동종점,4370011,관설동종점
20250215,42,42130,43705105,51-1공고-공단,미래고-관설동종점,4375501,미래고,4370011,관설동종점
20250215,42,42130,43705106,51-1관설동-공단,관설동종점-관설동종점,4372031,관설동종점,4370011,관설동종점
20250215,42,42130,43705107,51-1(동화단지),관설동종점-관설동종점,4372031,관설동종점,4370011,관설동종점
20250215,42,42130,43705200,5-1,관설동종점-관설동종점,4372031,관설동종점,4370011,관설동종점
20250215,42,42130,43705201,5-1반곡중등교,관설동종점-관설동종점,4372031,관설동종점,4370011,관설동종점
20250215,42,42130,43705202,5-1공고하교,관설동종점-관설동종점,4372031,관설동종점,4370011,관설동종점
20250215,42,42130,43705300,52간현,관설동종점-관설동종점,4372031,관설동종점,4370011,관설동종점
20250215,42,42130,43705400,100-2,중흥2단지-현대프라힐스,4387691,중흥2단지,4379211,현대프라힐스
20250215,42,42130,43705500,2-1횡성,관설동종점-관설동종점,4372031,관설동종점,4370011,관설동종점
20250215,42,42130,43705600,19,관설동종점-관설동종점,4372031,관설동종점,4370011,관설동종점
20250215,42,42130,43705700,18-1,관설동종점-관설동종점,4372031,관설동종점,4370011,관설동종점
20250215,42,42130,43705801,111,중흥2단지-현대프라힐스,4387691,중흥2단지,4379211,현대프라힐스
20250215,42,42130,43705802,111(연세대경유),중흥2단지-현대프라힐스,4387691,중흥2단지,4379211,현대프라힐스
20250215,42,42130,43705803,111(원주역미경유),중흥2단지-현대프라힐스,4387691,중흥2단지,4379211,현대프라힐스
20250215,42,42130,43705804,111(기업도시종료),중흥2단지-롯데캐슬2차,4387691,중흥2단지,4387751,롯데캐슬2차
20250215,42,42130,43705900,3-1,장양리차고지-장양리차고지,4373111,장양리차고지,4373651,장양리차고지
20250215,42,42130,43705901,4-1,장양리차고지-장양리차고지,4373111,장양리차고지,4373651,장양리차고지
20250215,42,42130,43706001,27-1,평원로중앙시장-평원로중앙시장,4370381,평원로중앙시장,4370381,평원로중앙시장
20250215,42,42130,43706002,27-2,평원로중앙시장-평원로중앙시장,4370381,평원로중앙시장,4370381,평원로중앙시장
20250215,42,42130,43706003,27-3,평원로중앙시장-원일로중앙시장,4370381,평원로중앙시장,4370721,원일로중앙시장
20250215,42,42130,43706100,81성문사,장양리차고지-장양리차고지,4373111,장양리차고지,4373651,장양리차고지
20250215,42,42130,43706101,81성문사-진광고,장양리차고지-장양리차고지,4373111,장양리차고지,4373651,장양리차고지
20250215,42,42130,43706102,81-1오리골경유,장양리차고지-장양리차고지,4373111,장양리차고지,4373651,장양리차고지
20250215,42,42130,43706103,81-1건영(직행),장양리차고지-장양리차고지,4373111,장양리차고지,4373651,장양리차고지
20250215,42,42130,43706104,81-1현대(직행),장양리차고지-장양리차고지,4373111,장양리차고지,4373651,장양리차고지
20250215,42,42130,43706105,81-1둔둔리,장양리차고지-장양리차고지,4373651,장양리차고지,4373651,장양리차고지
20250215,42,42130,43706200,86,관설동종점-관설동종점,4372031,관설동종점,4370011,관설동종점
20250215,42,42130,43706201,86터미널종료,관설동종점-시외.고속버스터,4372031,관설동종점,4370661,시외.고속버스터미널
20250215,42,42130,43706300,16혁신도시,장양리차고지-장양리차고지,4373111,장양리차고지,4373651,장양리차고지
20250215,42,42130,43706301,16-1혁신도시,장양리차고지-장양리차고지,4373111,장양리차고지,4373651,장양리차고지
20250215,42,42130,43706302,16반곡중종료,장양리차고지-반곡중학교,4373111,장양리차고지,4381171,반곡중학교
20250215,42,42130,43706400,13혁신도시,장양리차고지-장양리차고지,4373111,장양리차고지,4373651,장양리차고지
20250215,42,42130,43706401,13원여고-성문사,장양리차고지-장양리차고지,4373111,장양리차고지,4373651,장양리차고지
20250215,42,42130,43706402,13성문사-원여고,장양리차고지-장양리차고지,4373111,장양리차고지,4373651,장양리차고지
20250215,42,42130,43706403,13원여고경유,장양리차고지-장양리차고지,4373111,장양리차고지,4373651,장양리차고지
20250215,42,42130,43706500,59경동,관설동종점-관설동종점,4372031,관설동종점,4370011,관설동종점
20250215,42,42130,43706600,고장,기점-종점,4388101,기점,4388111,종점
20250215,42,42130,43706601,공차,기점-종점,4388101,기점,4388111,종점
20250215,42,42130,43706700,100기업도시,관설동종점-관설동종점,4372031,관설동종점,4370011,관설동종점
20250215,42,42130,43706701,100-1기업도시,중흥2단지-푸른숨LH3단지,4387691,중흥2단지,4379211,현대프라힐스
20250215,42,42130,43706702,100-2,중흥2단지-푸른숨LH3단지,4387691,중흥2단지,4379211,현대프라힐스
20250215,42,42130,43706801,28-1,평원로중앙시장-평원로중앙시장,4370381,평원로중앙시장,4370381,평원로중앙시장
20250215,42,42130,43706802,28-2,평원로중앙시장-평원로중앙시장,4370381,평원로중앙시장,4370381,평원로중앙시장
20250215,42,42130,43706803,28-3,평원로중앙시장-평원로중앙시장,4370381,평원로중앙시장,4370381,평원로중앙시장
20250215,42,42130,43706900,29,평원로중앙시장-평원로중앙시장,4370381,평원로중앙시장,4370381,평원로중앙시장
20250215,42,42130,43707000,30,시외.고속버스터-시외.고속버스터,4370441,시외.고속버스터미널,4370661,시외.고속버스터미널
20250215,42,42130,43708011,1-1,문막읍행정복지센-문막읍행정복지센,4387151,문막읍행정복지센터,4387161,문막읍행정복지센터
20250215,42,42130,43708012,1-2,문막읍행정복지센-문막읍행정복지센,4387151,문막읍행정복지센터,4387161,문막읍행정복지센터
20250215,42,42130,43708013,1-3,문막읍행정복지센-문막읍행정복지센,4387151,문막읍행정복지센터,4387161,문막읍행정복지센터
20250215,42,42130,43708014,1-4,문막읍행정복지센-문막읍행정복지센,4387151,문막읍행정복지센터,4387151,문막읍행정복지센터
20250215,42,42130,43708015,1-5,문막읍행정복지센-문막읍행정복지센,4387161,문막읍행정복지센터,4387151,문막읍행정복지센터
20250215,42,42130,43708016,1-6,문막읍행정복지센-문막읍행정복지센,4387161,문막읍행정복지센터,4387151,문막읍행정복지센터
20250215,42,42130,43708017,1-7,문막읍행정복지센-문막읍행정복지센,4387151,문막읍행정복지센터,4387161,문막읍행정복지센터
20250215,42,42130,43708101,11-1,대안리-대안리,4386621,대안리,4381711,대안리
20250215,42,42130,43708221,2-1,문막읍행정복지센-문막읍행정복지센,4387151,문막읍행정복지센터,4387161,문막읍행정복지센터
20250215,42,42130,43708222,2-2,문막읍행정복지센-문막읍행정복지센,4387151,문막읍행정복지센터,4387151,문막읍행정복지센터
20250215,42,42130,43708223,2-3,문막읍행정복지센-문막읍행정복지센,4387161,문막읍행정복지센터,4387161,문막읍행정복지센터
20250215,42,42130,43708224,2-4,문막읍행정복지센-문막읍행정복지센,4387151,문막읍행정복지센터,4387161,문막읍행정복지센터
20250215,42,42130,43708331,3-1,문막소방서-문막소방서,4371531,문막소방서,4381341,문막소방서
20250215,42,42130,43708332,3-2,문막소방서-문막소방서,4371531,문막소방서,4381341,문막소방서
20250215,42,42130,43708341,4,문막소방서-문막소방서,4371531,문막소방서,4381341,문막소방서
20250215,42,42130,43708342,4-2,문막읍행정복지센-문막읍행정복지센,4387151,문막읍행정복지센터,4387151,문막읍행정복지센터
20250215,42,42130,43708343,4-3,문막읍행정복지센-문막읍행정복지센,4387161,문막읍행정복지센터,4387161,문막읍행정복지센터
20250215,42,42130,43708451,5-1,대둔마을회관-대둔마을회관,4380021,대둔마을회관,4380021,대둔마을회관
20250215,42,42130,43708452,5-2,대둔마을회관-대둔마을회관,4380021,대둔마을회관,4380021,대둔마을회관
20250215,42,42130,43708453,5-3,대둔마을회관-대둔마을회관,4380021,대둔마을회관,4380021,대둔마을회관
20250215,42,42130,43708454,5-4,대둔마을회관-대둔마을회관,4380021,대둔마을회관,4380021,대둔마을회관
20250215,42,42130,43708561,6-1,문막읍행정복지센-문막읍행정복지센,4387151,문막읍행정복지센터,4387161,문막읍행정복지센터
20250215,42,42130,43708562,6-2,문막읍행정복지센-문막읍행정복지센,4387151,문막읍행정복지센터,4387161,문막읍행정복지센터
20250215,42,42130,43708563,6-3,문막읍행정복지센-문막읍행정복지센,4387151,문막읍행정복지센터,4387161,문막읍행정복지센터
20250215,42,42130,43708564,6-4,문막읍행정복지센-문막읍행정복지센,4387151,문막읍행정복지센터,4387161,문막읍행정복지센터
20250215,42,42130,43708565,6-5,문막읍행정복지센-문막읍행정복지센,4387151,문막읍행정복지센터,4387161,문막읍행정복지센터
20250215,42,42130,43708566,6-6,문막읍행정복지센-문막읍행정복지센,4387151,문막읍행정복지센터,4387161,문막읍행정복지센터
20250215,42,42130,43708567,6-7,문막읍행정복지센-문막읍행정복지센,4387151,문막읍행정복지센터,4387161,문막읍행정복지센터
20250215,42,42130,43708568,6-8,문막읍행정복지센-문막읍행정복지센,4387151,문막읍행정복지센터,4387161,문막읍행정복지센터
20250215,42,42130,43708671,7-1,문막읍행정복지센-문막읍행정복지센,4387151,문막읍행정복지센터,4387161,문막읍행정복지센터
20250215,42,42130,43708672,7-2,문막읍행정복지센-문막읍행정복지센,4387151,문막읍행정복지센터,4387161,문막읍행정복지센터
20250215,42,42130,43708673,7-3,문막읍행정복지센-문막읍행정복지센,4387151,문막읍행정복지센터,4387161,문막읍행정복지센터
20250215,42,42130,43708674,7-4,문막읍행정복지센-문막읍행정복지센,4387151,문막읍행정복지센터,4387161,문막읍행정복지센터
20250215,42,42130,43708781,8-1,흥업면행정복지센-흥업사거리,4381861,흥업면행정복지센터,4375611,흥업사거리
20250215,42,42130,43708782,8-2,흥업면행정복지센-흥업사거리,4381861,흥업면행정복지센터,4375611,흥업사거리
20250215,42,42130,43708783,8-3,흥업면행정복지센-흥업사거리,4381861,흥업면행정복지센터,4375611,흥업사거리
20250215,42,42130,43708784,8-4,흥업면행정복지센-사제리,4381861,흥업면행정복지센터,4386351,사제리
20250215,42,42130,43708801,심야1,건영아파트-문막소방서,4375531,건영아파트,4381341,문막소방서
20250215,42,42130,43708802,심야2,연세대학교-연세대학교,4379181,연세대(시내방면),4379181,연세대(시내방면)
20250215,42,42130,43708803,심야3,원주여자고등학교-반도유보라1단지,4386901,원주여자고등학교,4382921,반도유보라1단지
20250215,42,42130,43708891,9-1,사제.광터회관-사제리,4380801,사제.광터회관,4386351,사제리
20250215,42,42130,43708892,9-2,사제.광터회관-사제리,4380801,사제.광터회관,4386351,사제리
20250215,42,42130,43708893,9-3,사제.광터회관-사제리,4380801,사제.광터회관,4386351,사제리
20250215,42,42130,43708910,10-1,흥업면행정복지센-흥업사거리,4381861,흥업면행정복지센터,4375611,흥업사거리
20250215,42,42130,43708911,10-2,대안리-대안리,4386621,대안리,4381711,대안리
20250215,42,42130,43709002,12-2,귀래3리-귀래3리,4385831,귀래3리,4384101,귀래3리
20250215,42,42130,43709003,12-1,귀래3리-귀래3리,4385831,귀래3리,4384101,귀래3리
20250215,42,42130,43709103,심야1,건영아파트-문막소방서,4375531,건영아파트,4381341,문막소방서
20250215,42,42130,43709112,11-2,대안리-대안리,4386621,대안리,4381711,대안리
20250215,42,42130,43709171,17-1,태장2동-태장2동,4372731,태장2동,4372981,태장2동
20250215,42,42130,43709172,17-2,태장2동-태장2동,4372731,태장2동,4372981,태장2동
20250215,42,42130,43709173,17-3,태장2동-태장2동,4372731,태장2동,4372981,태장2동
20250215,42,42130,43709180,18-1,태장2동-태장2동,4372731,태장2동,4372981,태장2동
20250215,42,42130,43709181,18-1,태장2동-태장2동,4372731,태장2동,4372981,태장2동
20250215,42,42130,43709182,18-2,태장2동-태장2동,4372731,태장2동,4372981,태장2동
20250215,42,42130,43709183,18-3,태장2동-태장2동,4372731,태장2동,4372981,태장2동
20250215,42,42130,43709184,18-4,태장2동-태장2동,4372731,태장2동,4372981,태장2동
20250215,42,42130,43709190,19,태장2동-태장2동,4372731,태장2동,4372981,태장2동
20250215,42,42130,43709201,20-1,부론-부론면사무소,4380661,부론,4380671,부론면사무소
20250215,42,42130,43709202,20-2,부론-부론면사무소,4380661,부론,4380671,부론면사무소
20250215,42,42130,43709203,20-3,부론-하부론,4380661,부론,4377451,하부론
20250215,42,42130,43709204,심야2,연세대학교-연세대학교,4379181,연세대(시내방면),4379181,연세대(시내방면)
20250215,42,42130,43709301,13-1,평원로중앙시장-평원로중앙시장,4370381,평원로중앙시장,4370381,평원로중앙시장
20250215,42,42130,43709302,13-2,평원로중앙시장-평원로중앙시장,4370381,평원로중앙시장,4370381,평원로중앙시장
20250215,42,42130,43709303,13-3,평원로중앙시장-평원로중앙시장,4370381,평원로중앙시장,4370381,평원로중앙시장
20250215,42,42130,43709304,13-4,섭재마을회관-평원로중앙시장,4377751,섭재마을회관,4370381,평원로중앙시장
20250215,42,42130,43709401,14-1,평원로중앙시장-평원로중앙시장,4370381,평원로중앙시장,4370381,평원로중앙시장
20250215,42,42130,43709402,14-2,평원로중앙시장-평원로중앙시장,4370381,평원로중앙시장,4370381,평원로중앙시장
20250215,42,42130,43709403,14-3,평원로중앙시장-섭재마을회관,4370381,평원로중앙시장,4377741,섭재마을회관
20250215,42,42130,43709501,15-1,뉴스테이아파트-태장2동,4387981,뉴스테이아파트,4372981,태장2동
20250215,42,42130,43709502,15-2,태장2동-태장2동,4372731,태장2동,4372981,태장2동
20250215,42,42130,43709600,16,안흥한의원-태장2동,4373711,안흥한의원,4372731,태장2동
20250215,42,42130,43709700,21,부론-부론면사무소,4380661,부론,4380671,부론면사무소
20250215,42,42130,43709900,조조,태장주공4단지-태장농공단지,4373011,태장주공4단지,4387991,태장농공단지
20250215,42,42130,43709901,호저,태장2동-태장2동,4372731,태장2동,4372981,태장2동
20250215,42,42130,43709902,둘레길,당둔지-당둔지,4388581,당둔지,4388581,당둔지
